,ID,RA,DEC,Re,z,Mstar,u_mag,g_mag,r_mag,i_mag,z_mag,GAL_MU_E_R,Ellipticity_r,RS_member,r_on_rtwo,ClusterName,ClusterMember,bad_class,GAL_MU_E_U,GAL_MU_0_U,GAL_MU_E_G,GAL_MU_0_G,GAL_MU_0_R,GAL_MU_E_I,GAL_MU_0_I,GAL_MU_E_Z,GAL_MU_0_Z,SersicIndex_r,MassHIpred,WALLABYflag,Dingoflag,g_m_i,IFU_diam_2Re,GAL_MU_R_at_2Re,GAL_MU_R_at_3Re,MW_analogue,EO_wind_galaxy,priority,N_observations_to_complete,type,y_mag,GAIA_g_mag,GAIA_bp_mag,GAIA_rp_mag,pmRA,pmDEC,COMPLETED,Tile_number,remaining_observations,isel
0,C901005090608580,303.0417591390759,-57.98875100358412,13.833600044250488,0.0317324325442314,8.896313519555969,-999999.0,17.457252502441406,16.959577560424805,17.445507026436708,16.669992446899414,23.907128318373964,-99999.0,False,1.807725958707494,A3667,False,0.0,,,,,,,,,,,,,,0.0117454760046982,55.33440017700195,,,False,False,8,1,1,0.0,0.0,0.0,0.0,0.0,0.0,True,53,0,8.0
1,C901005885908840,304.60167357020987,-55.549266039219695,1.507956624031067,0.0237468797713518,8.563602724019482,-999999.0,18.528696060180664,18.100605010986328,17.660117739753638,17.85528564453125,20.23542393946575,-99999.0,False,2.366955705786472,A3667,False,0.0,,,,,,,,,,,,,,0.8685783204270265,6.031826496124268,,,False,False,8,2,1,0.0,0.0,0.0,0.0,0.0,0.0,True,50,0,1.0
2,C901005481403746,302.1208311826886,-56.7201154143078,5.893387317657471,0.0487335845828056,10.14451173017577,-999999.0,16.723474502563477,16.02930450439453,15.781859748172224,15.527417182922363,21.124004107025453,-99999.0,False,0.8622023068275583,A3667,True,0.0,,,,,,,,,,,,,,0.941614754391253,23.573549270629883,,,False,False,8,1,1,0.0,0.0,0.0,0.0,0.0,0.0,True,41,0,9.0
4,C901005168104953,304.7370990569058,-57.71392265438882,3.204750061035156,0.054176177829504,9.605404800467957,-999999.0,18.167743682861328,17.49446678161621,17.240208553649385,17.044340133666992,21.26631228575219,-99999.0,False,1.940228943446908,A3667,True,0.0,,,,,,,,,,,,,,0.9275351292119433,12.819000244140623,,,False,False,8,1,1,0.0,0.0,0.0,0.0,0.0,0.0,True,42,0,9.0
5,C901005641709832,303.5418932963904,-56.1814025046824,5.69438362121582,0.0338351875543594,9.019139329051429,-999999.0,17.83355712890625,17.31523895263672,17.29772394914248,17.023090362548828,22.3353472418629,-99999.0,False,1.0686164970513323,A3667,False,0.0,,,,,,,,,,,,,,0.5358331797637703,22.77753448486328,,,False,False,8,3,1,0.0,0.0,0.0,0.0,0.0,0.0,True,48,0,1.0
6,C901005245100587,301.2570744680147,-57.4975855041748,1.755748271942139,0.0338424406945705,8.86473137589121,-999999.0,18.254085540771484,17.87218475341797,17.570705764064368,17.66018295288086,20.337370683370484,-99999.0,False,1.8811175587209663,A3667,False,0.0,,,,,,,,,,,,,,0.6833797767071168,7.022993087768555,,,False,False,8,2,1,0.0,0.0,0.0,0.0,0.0,0.0,True,51,0,8.0
9,C901005245600836,303.5744812284737,-57.497570037443914,6.376820087432861,0.0552020016565127,10.53536337767724,-999999.0,15.74745750427246,15.119897842407228,15.084243114876683,14.648405075073242,20.385793345053937,-99999.0,False,1.1129257514834394,A3667,True,0.0,,,,,,,,,,,,,,0.6632143893957778,25.507280349731445,,,False,False,8,1,1,0.0,0.0,0.0,0.0,0.0,0.0,True,47,0,1.0
10,C901005641509485,302.6146253190518,-56.29670972951164,14.26516819000244,0.0520955938875077,10.56198827718145,-999999.0,16.016681671142578,15.190948486328123,15.068212688270227,14.526418685913086,22.205207650398147,-99999.0,False,0.9286296422727768,A3667,True,0.0,,,,,,,,,,,,,,0.9484689828723508,57.060672760009766,,,True,False,8,1,1,0.0,0.0,0.0,0.0,0.0,0.0,True,40,0,1.0
11,C901005402502419,303.9020581975139,-57.00570782574154,1.888264536857605,0.0394200012087821,8.756583854000057,-999999.0,20.1600341796875,19.351470947265625,19.014081767186997,18.82410049438477,21.974659813052707,-99999.0,False,0.7244900211493271,A3667,False,0.0,,,,,,,,,,,,,,1.1459524125005025,7.55305814743042,,,False,False,8,1,1,0.0,0.0,0.0,0.0,0.0,0.0,True,48,0,9.0
12,C901005168105214,304.7499820711368,-57.764387068152345,5.04355001449585,0.0570648051798343,10.12510783567797,-999999.0,17.020021438598633,16.338050842285156,16.086647850972557,15.854765892028809,21.09460718341162,-99999.0,False,2.0035365178222557,A3667,True,0.0,,,,,,,,,,,,,,0.9333735876260754,20.1742000579834,,,False,False,4,1,1,0.0,0.0,0.0,0.0,0.0,0.0,True,53,0,4.0
14,C901005323701693,303.43661480476635,-57.3499210713675,5.001499652862549,0.0566346189086444,10.18897350270708,-999999.0,17.128353118896484,16.39229965209961,16.049586454027985,15.844549179077148,21.130675548826503,-99999.0,False,0.8578756985020914,A3667,True,0.0,,,,,,,,,,,,,,1.0787666648684997,20.005998611450195,,,False,False,8,1,1,0.0,0.0,0.0,0.0,0.0,0.0,True,44,0,1.0
15,C901005401906860,301.39240984422725,-57.05294069159645,3.9853873252868657,0.0337781831622123,8.603296579011399,-999999.0,18.592117309570312,18.19769287109375,18.079814394071196,17.975448608398438,22.442920229244457,-99999.0,False,1.5019088241989955,A3667,False,0.0,,,,,,,,,,,,,,0.5123029154991166,15.94154930114746,,,False,False,8,2,1,0.0,0.0,0.0,0.0,0.0,0.0,True,45,0,9.0
16,C901005167700489,302.6609256571151,-57.64740806411497,3.389401435852051,0.0353259444236755,8.817184812280505,-999999.0,18.509862899780273,18.05845642089844,17.810242817169264,17.780216217041016,21.951946148134628,-99999.0,False,1.3316682088305547,A3667,False,0.0,,,,,,,,,,,,,,0.699620082611009,13.557605743408203,,,False,False,8,2,1,0.0,0.0,0.0,0.0,0.0,0.0,True,47,0,1.0
17,C901005561310227,303.0726487785857,-56.5991601114014,2.4818177223205566,0.0565401948988437,9.724731899097018,-999999.0,18.879518508911133,18.543283462524418,17.160904657591548,18.47505569458008,21.760007551633883,-99999.0,False,0.3557032223347336,A3667,True,0.0,,,,,,,,,,,,,,1.718613851319585,9.927270889282228,,,False,False,8,1,1,0.0,0.0,0.0,0.0,0.0,0.0,True,43,0,9.0
18,C901005245803983,304.65160203589784,-57.554335435086216,2.9985995292663574,0.055669255554676,9.824661753903284,-999999.0,18.54234313964844,17.843555450439453,17.069335510914442,17.375396728515625,21.471022474571708,-99999.0,False,1.719848503059923,A3667,True,0.0,,,,,,,,,,,,,,1.4730076287339957,11.99439811706543,,,False,False,8,1,1,0.0,0.0,0.0,0.0,0.0,0.0,True,46,0,9.0
20,C901005560801828,300.5304119483182,-56.37978642369894,4.306755542755127,0.0574222728610038,9.96816798985599,-999999.0,16.830202102661133,16.29060173034668,16.153074546869718,15.929802894592283,20.704227518694495,-99999.0,False,2.3176280801230127,A3667,True,0.0,,,,,,,,,,,,,,0.6771275557914151,17.227022171020508,,,False,False,4,1,1,0.0,0.0,0.0,0.0,0.0,0.0,True,45,0,9.0
22,C901005641303390,301.46071989404686,-56.27505697511792,20.994911193847656,0.0114941261708736,8.99839911065187,-999999.0,15.19093894958496,14.693965911865234,15.062634345209384,14.363537788391112,22.547410803401657,-99999.0,False,1.656285935528539,A3667,False,0.0,,,,,,,,,,,,,,0.1283046043755771,83.97964477539062,,,False,False,8,1,1,0.0,0.0,0.0,0.0,0.0,0.0,True,43,0,9.0
23,C901005245302330,302.24454797191515,-57.49196366130269,3.5474853515625,0.0348159484565258,8.935216093966178,-999999.0,18.422061920166016,17.90212631225586,17.698642276373747,17.610389709472656,21.89460404811485,-99999.0,False,1.267683320180004,A3667,False,0.0,,,,,,,,,,,,,,0.7234196437922691,14.18994140625,,,False,False,8,2,1,0.0,0.0,0.0,0.0,0.0,0.0,True,47,0,1.0
25,C901005402702834,304.81980577500815,-57.04737846031903,5.559833526611328,0.0313219279050827,8.963749254976415,-999999.0,18.11261749267578,17.535072326660156,17.387218519680555,17.187705993652344,22.503255948719033,-99999.0,False,1.4871482205374602,A3667,False,0.0,,,,,,,,,,,,,,0.7253989729952259,22.239334106445312,,,False,False,8,2,1,0.0,0.0,0.0,0.0,0.0,0.0,True,48,0,1.0
30,C901005561807680,305.32684969411594,-56.525417364114865,2.3712050914764404,0.03154281899333,8.778480606827175,-999999.0,18.463193893432617,17.976238250732422,17.746850675593127,17.68284797668457,21.093958526577264,-99999.0,False,1.947462176461099,A3667,False,0.0,,,,,,,,,,,,,,0.7163432178394906,9.484820365905762,,,False,False,8,1,1,0.0,0.0,0.0,0.0,0.0,0.0,True,44,0,1.0
32,C901005721808330,300.66151534791373,-56.045275954519376,3.96170973777771,0.0564624145627021,9.906147016519894,-999999.0,17.438533782958984,16.78325843811035,16.49535559316249,16.328458786010742,21.015546384617387,-99999.0,False,2.4331432742235135,A3667,True,0.0,,,,,,,,,,,,,,0.9431781897964946,15.84683895111084,,,False,False,4,1,1,0.0,0.0,0.0,0.0,0.0,0.0,True,49,0,5.0
34,C901005722009982,301.5585719510997,-56.04411844766451,4.4649224281311035,0.0555628649890422,10.17323264818047,-999999.0,16.89295196533203,16.182910919189453,16.027068365307763,15.660858154296877,20.67485519103724,-99999.0,False,1.807902034795696,A3667,True,0.0,,,,,,,,,,,,,,0.8658836000242687,17.859689712524414,,,False,False,8,1,1,0.0,0.0,0.0,0.0,0.0,0.0,True,43,0,9.0
35,C901005641103983,300.61763788864073,-56.32467979704995,4.9289445877075195,0.0139100719243288,7.874800146063794,-999999.0,18.39063262939453,18.04991149902344,17.896366799712386,17.86176109313965,22.75655585949331,-99999.0,False,2.27595902574981,A3667,False,0.0,,,,,,,,,,,,,,0.4942658296821456,19.71577835083008,,,False,False,4,1,1,0.0,0.0,0.0,0.0,0.0,0.0,True,39,0,5.0
36,C901005803407502,301.93246775711754,-55.73403852300297,4.069699764251709,0.0155024817213416,8.902718191946624,-999999.0,17.38762664794922,16.694271087646484,16.422503040613286,16.246726989746094,20.9849576244289,-99999.0,False,1.9815972272041744,A3667,False,0.0,,,,,,,,,,,,,,0.9651236073359328,16.278799057006836,,,False,False,8,3,1,0.0,0.0,0.0,0.0,0.0,0.0,True,49,0,1.0
37,C901005481602086,302.9519365894599,-56.81179119126013,2.7785768508911133,0.0384305138140916,9.139687021883352,-999999.0,17.930137634277344,17.51973533630371,17.21846074879084,17.2630558013916,20.981722083851857,-99999.0,False,0.1397873198586508,A3667,False,0.0,,,,,,,,,,,,,,0.7116768854865043,11.114307403564451,,,False,False,8,3,1,0.0,0.0,0.0,0.0,0.0,0.0,True,45,0,5.0
38,C901005481801309,303.82913348762077,-56.83350591532459,4.446478366851807,0.0594754237681627,9.923653986753653,-999999.0,17.73832893371582,17.01155662536621,16.848536857763754,16.48590660095215,21.49451222566892,-99999.0,False,0.6085503864678522,A3667,True,0.0,,,,,,,,,,,,,,0.8897920759520659,17.785913467407227,,,False,False,8,1,1,0.0,0.0,0.0,0.0,0.0,0.0,True,46,0,9.0
39,C901005885202748,301.2824787252376,-55.606453915785345,14.938380241394045,0.0143050970509648,9.429315326847062,-999999.0,15.335697174072266,14.684188842773438,14.882646449541394,14.239789962768556,21.79858107336463,-99999.0,False,2.471241908488377,A3667,False,0.0,,,,,,,,,,,,,,0.4530507245308719,59.75352096557617,,,False,False,4,1,1,0.0,0.0,0.0,0.0,0.0,0.0,True,41,0,9.0
40,C901005885408792,302.42032303990123,-55.483220476311786,3.707119226455689,0.0607539750635623,9.899074681995195,-999999.0,17.647933959960938,16.986541748046875,16.726999267058993,16.53184700012207,21.074599198828253,-99999.0,False,2.173729178798349,A3667,True,0.0,,,,,,,,,,,,,,0.9209346929019446,14.828476905822754,,,False,False,4,1,1,0.0,0.0,0.0,0.0,0.0,0.0,True,38,0,9.0
42,C901005561902108,305.51091061317385,-56.46964696244328,1.5489758253097534,0.0387552492320537,8.86817644003891,-999999.0,18.481462478637695,18.060012817382812,17.78571610336089,17.843862533569336,20.25311069825471,-99999.0,False,2.122875669118615,A3667,False,0.0,,,,,,,,,,,,,,0.6957463752768049,6.195903301239014,,,False,False,8,2,1,0.0,0.0,0.0,0.0,0.0,0.0,True,52,0,8.0
43,C901005641600300,302.69280347350775,-56.2272740477018,3.164964199066162,0.0612881928682327,9.61452514913604,-999999.0,18.167274475097656,17.56844139099121,17.286754920648782,17.181644439697266,21.313160081719403,-99999.0,False,0.999702926396304,A3667,True,0.0,,,,,,,,,,,,,,0.880519554448874,12.659856796264648,,,False,False,8,1,1,0.0,0.0,0.0,0.0,0.0,0.0,True,43,0,5.0
44,C901005803702234,303.0472219409866,-55.787781116744306,3.5910067558288574,0.0410129465162754,8.630688770027657,-999999.0,19.571578979492188,19.034263610839844,18.66656403034476,18.72699737548828,23.05321940344146,-99999.0,False,1.6165923825120485,A3667,False,0.0,,,,,,,,,,,,,,0.9050149491474252,14.36402702331543,,,False,False,8,2,1,0.0,0.0,0.0,0.0,0.0,0.0,True,48,0,1.0
45,C901005481508430,302.7503295180724,-56.715129318198365,3.0326693058013916,0.0481159426271915,9.914683431171254,-999999.0,16.795473098754883,16.251192092895508,15.944697192831743,15.822820663452148,19.903192053194147,-99999.0,False,0.3551285463477226,A3667,True,0.0,,,,,,,,,,,,,,0.8507759059231379,12.130677223205566,,,False,False,8,1,1,0.0,0.0,0.0,0.0,0.0,0.0,True,43,0,9.0
47,C901005968004016,303.37656652251167,-55.28578030387695,3.563199996948242,0.011182720772922,7.738039128155968,-999999.0,19.17670440673828,19.151691436767575,17.67282940843909,19.276208877563477,23.153767115092936,-99999.0,False,2.406952692279476,A3667,False,0.0,,,,,,,,,,,,,,1.5038749982991924,14.252799987792969,,,False,False,8,2,1,0.0,0.0,0.0,0.0,0.0,0.0,True,52,0,8.0
49,C901005721806898,300.5975918355057,-56.08396080798461,2.674119472503662,0.0168213676661252,8.231793906875518,-999999.0,18.900279998779297,18.838380813598633,17.339929681421825,18.91478157043457,22.217159527708738,-99999.0,False,2.4510300551207935,A3667,False,0.0,,,,,,,,,,,,,,1.5603503173574715,10.696477890014648,,,False,False,8,3,1,0.0,0.0,0.0,0.0,0.0,0.0,True,45,0,5.0
50,C901005641208281,301.2299126644527,-56.3734698137208,4.672774791717529,0.0548012447443936,10.564079871197352,-999999.0,15.88109016418457,15.23280429840088,14.781837979734856,14.726995468139648,19.82355323185391,-99999.0,False,1.759828426523103,A3667,True,0.0,,,,,,,,,,,,,,1.099252184449714,18.691099166870117,,,True,False,8,1,1,0.0,0.0,0.0,0.0,0.0,0.0,True,37,0,9.0
55,C901005561702952,304.64432569758793,-56.57364464028227,7.445931911468506,0.0359283350408077,8.691922923456238,-999999.0,18.5632381439209,18.06662368774414,18.10722567968484,17.79888343811035,23.66909367218391,-99999.0,False,1.3644551570640928,A3667,False,0.0,,,,,,,,,,,,,,0.4560124642360605,29.783727645874023,,,False,False,8,1,1,0.0,0.0,0.0,0.0,0.0,0.0,True,48,0,8.0
58,C901005402208617,302.7843170857014,-57.005519994989854,4.777214527130127,0.0529191909098236,10.398010117618774,-999999.0,16.61104393005371,15.8222017288208,15.5382389366863,15.225876808166504,20.460950132,-99999.0,False,0.3943054334933715,A3667,True,0.0,,,,,,,,,,,,,,1.072804993367411,19.108858108520508,,,False,False,8,1,1,0.0,0.0,0.0,0.0,0.0,0.0,True,38,0,9.0
60,C901005561200588,302.27000258935567,-56.56909870588987,5.8716607093811035,0.0144800003618001,8.346834972023505,-999999.0,17.848159790039062,17.293954849243164,17.303702174759767,16.988380432128906,22.380634291829203,-99999.0,False,0.8243782274048039,A3667,False,0.0,,,,,,,,,,,,,,0.5444576152792955,23.486642837524418,,,False,False,8,3,1,0.0,0.0,0.0,0.0,0.0,0.0,True,47,0,8.0
61,C901005721806994,300.60214124829827,-56.0858217688087,10.98587417602539,0.0166652705520391,9.10412282373366,-999999.0,15.625236511230469,15.17634391784668,15.454083268584588,14.880702018737791,21.623391702732548,-99999.0,False,2.446173529182441,A3667,False,0.0,,,,,,,,,,,,,,0.1711532426458806,43.94349670410156,,,False,False,4,1,1,0.0,0.0,0.0,0.0,0.0,0.0,True,51,0,4.0
62,C901005561104508,301.98396678239703,-56.44836001358384,7.925689220428467,0.0143631100654602,8.847749322688069,-999999.0,16.93240737915039,16.33403778076172,16.168049398381548,15.938533782958984,22.072097657080914,-99999.0,False,1.1312564973963286,A3667,False,0.0,,,,,,,,,,,,,,0.7643579807688425,31.702756881713867,,,False,False,8,1,1,0.0,0.0,0.0,0.0,0.0,0.0,True,47,0,1.0
63,C901005968001163,303.25026589724547,-55.29525974100928,6.051327228546143,0.0148249538615345,8.253814086862283,-999999.0,18.45668029785156,17.89727783203125,17.634148328635916,17.56995391845703,23.0494057050602,-99999.0,False,2.3843293335982567,A3667,False,0.0,,,,,,,,,,,,,,0.8225319692156461,24.20530891418457,,,False,False,8,3,1,0.0,0.0,0.0,0.0,0.0,0.0,True,54,0,8.0
65,C901005323700416,303.3867484201787,-57.22421186398701,3.2322216033935547,0.0385256316512823,9.375641014587014,-999999.0,17.809038162231445,17.211685180664062,16.91462202522053,16.82297134399414,21.002065505696383,-99999.0,False,0.6596662212294063,A3667,False,0.0,,,,,,,,,,,,,,0.8944161370109143,12.92888641357422,,,False,False,8,1,1,0.0,0.0,0.0,0.0,0.0,0.0,True,42,0,1.0
66,C901005641405161,301.9836112943488,-56.266962618925746,5.935385227203369,0.0542813017964363,9.904906988275092,-999999.0,16.74009132385254,16.216720581054688,16.109130346813455,15.862506866455078,21.326839819950184,-99999.0,False,1.3024163004042284,A3667,True,0.0,,,,,,,,,,,,,,0.6309609770390843,23.741540908813477,,,False,False,8,1,1,0.0,0.0,0.0,0.0,0.0,0.0,True,38,0,1.0
69,C901005641500425,302.24956195788667,-56.25628650795831,3.203552722930908,0.0611904039978981,9.885062020667494,-999999.0,17.603879928588867,16.950824737548828,16.706808703429942,16.496660232543945,20.72185879853796,-99999.0,False,1.1558199435007104,A3667,True,0.0,,,,,,,,,,,,,,0.8970712251589248,12.814210891723633,,,False,False,8,1,1,0.0,0.0,0.0,0.0,0.0,0.0,True,37,0,9.0
71,C901005560801702,300.5254018045227,-56.38484208263253,3.118227481842041,0.0149332797154784,8.298698355988757,-999999.0,18.45363998413086,17.90517807006836,17.58522087914412,17.583097457885742,21.617591725735892,-99999.0,False,2.3192363644956187,A3667,False,0.0,,,,,,,,,,,,,,0.8684191049867387,12.472909927368164,,,False,False,8,3,1,0.0,0.0,0.0,0.0,0.0,0.0,True,41,0,9.0
72,C901005401905022,301.3118248104091,-57.10638534896111,8.232108116149902,0.0157193560153245,8.353933334885754,-999999.0,18.164966583251953,17.567289352416992,17.577724018332425,17.22871971130371,23.38771936208053,-99999.0,False,1.5880767734488883,A3667,False,0.0,,,,,,,,,,,,,,0.5872425649195279,32.92843246459961,,,False,False,8,2,1,0.0,0.0,0.0,0.0,0.0,0.0,True,47,0,1.0
75,C901005481710330,303.74696320367605,-56.827439788135656,2.651968479156494,0.061536218971014,9.98211164900988,-999999.0,17.20302963256836,16.599119186401367,16.373542325325317,16.194896697998047,19.959835657204312,-99999.0,False,0.5386024888192154,A3667,True,0.0,,,,,,,,,,,,,,0.829487307243042,10.607873916625977,,,False,False,8,1,1,0.0,0.0,0.0,0.0,0.0,0.0,True,42,0,9.0
76,C901005167309196,301.1906308547851,-57.683503366411536,1.9256222248077393,0.0513894669711589,9.606717408735008,-999999.0,19.082321166992188,18.652360916137695,17.15286108456614,18.40085792541504,21.318091046670663,-99999.0,False,2.0953171571941973,A3667,True,0.0,,,,,,,,,,,,,,1.929460082426047,7.702488899230957,,,False,False,4,1,1,0.0,0.0,0.0,0.0,0.0,0.0,True,51,0,4.0
78,C901005402300912,302.9265861119353,-56.88003564677088,4.284236431121826,0.0570195876061916,9.77567888165242,-999999.0,17.724822998046875,17.127382278442383,16.850579428425867,16.73488426208496,21.529624109793595,-99999.0,False,0.1794806015973234,A3667,True,0.0,,,,,,,,,,,,,,0.874243569621008,17.136945724487305,,,False,False,8,1,1,0.0,0.0,0.0,0.0,0.0,0.0,True,38,0,9.0
79,C901005803709219,303.3538163727724,-55.76037137979401,4.1553425788879395,0.0410955548286438,8.909991603010445,-999999.0,18.50109100341797,17.96202278137207,17.883328226519705,17.653640747070312,22.297931633777296,-99999.0,False,1.6710582559889,A3667,False,0.0,,,,,,,,,,,,,,0.6177627768982639,16.621370315551758,,,False,False,8,2,1,0.0,0.0,0.0,0.0,0.0,0.0,True,45,0,1.0
80,C901005090606961,302.967504057987,-57.996514087690784,4.797670364379883,0.0316161215305328,8.640121956806565,-999999.0,18.6160831451416,18.18517684936523,17.977621236164996,17.941102981567383,22.83320355808749,-99999.0,False,1.8229133207340005,A3667,False,0.0,,,,,,,,,,,,,,0.6384619089766055,19.19068145751953,,,False,False,8,2,1,0.0,0.0,0.0,0.0,0.0,0.0,True,47,0,9.0
81,C901005803302451,301.2777229581742,-55.63043596022486,5.210434913635254,0.0554048158228397,9.642051028307424,-999999.0,17.259014129638672,16.765918731689453,16.727714583760104,16.460052490234375,21.593163289719698,-99999.0,False,2.445076098292503,A3667,True,0.0,,,,,,,,,,,,,,0.5312995458785679,20.841739654541016,,,False,False,4,1,1,0.0,0.0,0.0,0.0,0.0,0.0,True,39,0,5.0
84,C901005885507118,302.7962439751293,-55.62348216940961,9.010812759399414,0.0551614927296667,10.164036402522695,-999999.0,15.699481964111328,15.02814483642578,16.12057215171354,14.51774787902832,21.04483934486711,-99999.0,False,1.891073120896854,A3667,True,0.0,,,,,,,,,,,,,,-0.4210901876022106,36.043251037597656,,,False,False,8,1,1,0.0,0.0,0.0,0.0,0.0,0.0,True,43,0,9.0
85,C901005561310684,303.08882155961226,-56.530366777931256,3.3903563022613525,0.0506670363247394,9.900815131912506,-999999.0,17.669578552246094,16.948795318603516,16.619070039680278,16.47103500366211,20.842896709605988,-99999.0,False,0.461421135441088,A3667,True,0.0,,,,,,,,,,,,,,1.0505085125658162,13.56142520904541,,,False,False,8,1,1,0.0,0.0,0.0,0.0,0.0,0.0,True,42,0,9.0
87,C901005481809813,304.15678382916786,-56.76003218456503,3.6421866416931152,0.0383281558752059,8.951109708737642,-999999.0,18.385862350463867,17.914581298828125,17.735623584196226,17.635276794433594,21.964266966524228,-99999.0,False,0.8941115044367395,A3667,False,0.0,,,,,,,,,,,,,,0.6502387662676412,14.56874656677246,,,False,False,8,3,1,0.0,0.0,0.0,0.0,0.0,0.0,True,48,0,1.0
88,C901005721806906,300.59798426388954,-56.02848140596013,4.300827980041504,0.0555749014019966,9.745122278112882,-999999.0,17.59497833251953,17.026710510253906,16.774894406334468,16.632183074951172,21.437345554244978,-99999.0,False,2.49390413258037,A3667,True,0.0,,,,,,,,,,,,,,0.8200839261850632,17.203311920166016,,,False,False,4,1,1,0.0,0.0,0.0,0.0,0.0,0.0,True,37,0,9.0
89,C901005481204747,301.2841473951942,-56.8625511313665,4.107699871063232,0.0280035566538572,8.411925473032014,-999999.0,18.57561492919922,18.241436004638672,18.069193144797527,18.08947372436523,22.552304208246092,-99999.0,False,1.556950604902648,A3667,False,0.0,,,,,,,,,,,,,,0.5064217844016916,16.43079948425293,,,False,False,8,2,1,0.0,0.0,0.0,0.0,0.0,0.0,True,45,0,9.0
90,C901005481006755,300.47544153391516,-56.868157868256525,3.159874439239502,0.0505952760577201,10.202329727553034,-999999.0,16.952648162841797,16.182941436767578,15.881594453044084,15.625667572021484,19.924165247688567,-99999.0,False,2.24433442775587,A3667,True,0.0,,,,,,,,,,,,,,1.071053709797713,12.639497756958008,,,False,False,4,1,1,0.0,0.0,0.0,0.0,0.0,0.0,True,49,0,8.0
91,C901005803207775,301.04024028526305,-55.847103615930095,4.101512432098389,0.055979635566473,9.734260928633818,-999999.0,17.70130157470703,17.111125946044922,16.82064052243502,16.689434051513672,21.41872078917735,-99999.0,False,2.3481960129166004,A3667,True,0.0,,,,,,,,,,,,,,0.8806610522720106,16.406049728393555,,,False,False,4,1,1,0.0,0.0,0.0,0.0,0.0,0.0,True,54,0,4.0
92,C901005561800527,304.98326857041445,-56.47316771559596,4.335258483886719,0.0388227105140686,9.03369809424868,-999999.0,18.035554885864254,17.554088592529297,17.394565171752514,17.275165557861328,21.982038258272695,-99999.0,False,1.689846361620878,A3667,False,0.0,,,,,,,,,,,,,,0.6409897141117433,17.341033935546875,,,False,False,8,1,1,0.0,0.0,0.0,0.0,0.0,0.0,True,48,0,9.0
93,C901005722308968,302.8783020774163,-55.93864366882154,1.8936147689819336,0.0332778878509998,8.72127936004936,-999999.0,18.74637222290039,18.241147994995117,17.963158193380913,17.939605712890625,20.87048083749513,-99999.0,False,1.3958045091840756,A3667,False,0.0,,,,,,,,,,,,,,0.7832140295194776,7.574459075927734,,,False,False,8,2,1,0.0,0.0,0.0,0.0,0.0,0.0,True,45,0,1.0
94,C901005167801029,303.14505674468467,-57.66282533788039,8.250837326049805,0.057132963091135,10.22508430836724,-999999.0,16.959041595458984,16.17249298095703,16.06899455918837,15.624545097351074,21.997857785823975,-99999.0,False,1.30019896202484,A3667,True,0.0,,,,,,,,,,,,,,0.8900470362706159,33.00334930419922,,,False,False,8,1,1,0.0,0.0,0.0,0.0,0.0,0.0,True,42,0,1.0
97,C901005641107630,300.77045329371924,-56.33301539286156,4.640328407287598,0.0164037141948938,8.112091046399533,-999999.0,18.59132957458496,18.184844970703125,17.792527196031347,17.975553512573242,22.76046324101645,-99999.0,False,2.148636025388567,A3667,False,0.0,,,,,,,,,,,,,,0.7988023785536136,18.56131362915039,,,False,False,8,3,1,0.0,0.0,0.0,0.0,0.0,0.0,True,54,0,8.0
98,C901005722010354,301.5730281074432,-56.11483806578939,3.236961126327514,0.057122878730297,10.115940811194086,-999999.0,17.34020233154297,16.6303768157959,16.271937525057417,16.118337631225586,20.423938916813444,-99999.0,False,1.7252995330689738,A3667,True,0.0,,,,,,,,,,,,,,1.068264806485551,12.94784450531006,,,False,False,8,1,1,0.0,0.0,0.0,0.0,0.0,0.0,True,38,0,1.0
99,C901005167908374,303.9415518859955,-57.82656017754422,4.710297107696533,0.0151547901332378,8.243493080794707,-999999.0,17.927242279052734,17.537181854248047,17.323131019831198,17.328649520874023,22.145298044200704,-99999.0,False,1.7026759448567337,A3667,False,0.0,,,,,,,,,,,,,,0.6041112592215363,18.841188430786133,,,False,False,8,2,1,0.0,0.0,0.0,0.0,0.0,0.0,True,46,0,1.0
100,C901005641303671,301.471177774238,-56.1555402769978,6.888564109802246,0.0112784272059798,7.962910250835963,-999999.0,18.0345458984375,17.62316131591797,17.423066899762034,17.413881301879883,23.056679520705067,-99999.0,False,1.7542997359787376,A3667,False,0.0,,,,,,,,,,,,,,0.6114789986754658,27.554256439208984,,,False,False,8,3,1,0.0,0.0,0.0,0.0,0.0,0.0,True,51,0,8.0
101,C901005561704043,304.6943573189261,-56.528732161842626,3.87565016746521,0.053266055881977,9.653620079533525,-999999.0,18.064743041992188,17.401355743408203,17.07654748546446,16.964107513427734,21.585953269622085,-99999.0,False,1.427294555346751,A3667,True,0.0,,,,,,,,,,,,,,0.988195556527728,15.50260066986084,,,False,False,8,1,1,0.0,0.0,0.0,0.0,0.0,0.0,True,46,0,9.0
102,C901005482003303,304.8198026114181,-56.6363699620435,3.690985202789306,0.0632691085338592,9.830380834331054,-999999.0,17.543968200683594,16.95427703857422,16.802361197214278,16.5599422454834,21.03286324084239,-99999.0,False,1.4848437337262552,A3667,True,0.0,,,,,,,,,,,,,,0.7416070034693156,14.763940811157228,,,False,False,8,1,1,0.0,0.0,0.0,0.0,0.0,0.0,True,44,0,1.0
103,C901005402300259,302.9005743577777,-56.9249672292014,5.4366302490234375,0.0618673570147271,10.534569648729995,-999999.0,16.303817749023438,15.587871551513672,15.33464019360716,15.041366577148438,20.50739521914287,-99999.0,False,0.2369676723669043,A3667,True,0.0,,,,,,,,,,,,,,0.9691775554162768,21.74652099609375,,,True,False,8,1,1,0.0,0.0,0.0,0.0,0.0,0.0,True,37,0,5.0
104,C901005641104079,300.6217771285967,-56.354283262105625,7.584131717681885,0.0359323434531688,9.300408757205194,-999999.0,17.057300567626953,16.608407974243164,16.660094736314164,16.325401306152344,22.250811991081648,-99999.0,False,2.256446199730634,A3667,False,0.0,,,,,,,,,,,,,,0.3972058313127888,30.33652687072754,,,False,False,4,1,1,0.0,0.0,0.0,0.0,0.0,0.0,True,38,0,9.0
107,C901005641407410,302.06938678620145,-56.15264785734657,6.789183139801025,0.0620652493089437,10.31305713438129,-999999.0,16.716794967651367,16.019264221191406,15.899685279041991,15.473340034484863,21.421226523064224,-99999.0,False,1.3793830393427924,A3667,True,0.0,,,,,,,,,,,,,,0.817109688609376,27.1567325592041,,,False,False,8,1,1,0.0,0.0,0.0,0.0,0.0,0.0,True,41,0,1.0
108,C901005245609642,303.9441234496173,-57.38611802901413,5.090120792388916,0.064496524631977,10.176969504417835,-999999.0,17.481229782104492,16.731393814086914,16.457969865902125,16.19546127319336,21.507908938788464,-99999.0,False,1.1170533321295208,A3667,True,0.0,,,,,,,,,,,,,,1.0232599162023668,20.360483169555664,,,False,False,8,1,1,0.0,0.0,0.0,0.0,0.0,0.0,True,42,0,1.0
109,C901005091100201,305.01807881782224,-57.91293577755518,2.3127739429473877,0.0656432881951332,9.995743775163152,-999999.0,17.78862190246582,17.1175479888916,16.803370683944937,16.677492141723633,20.181088599010177,-99999.0,False,2.323829583601559,A3667,True,0.0,,,,,,,,,,,,,,0.985251218520883,9.25109577178955,,,False,False,4,1,1,0.0,0.0,0.0,0.0,0.0,0.0,True,44,0,1.0
111,C901005641311112,301.7560658827517,-56.2070957659877,2.6848273277282715,0.0161414444446563,8.399370202911879,-999999.0,18.578208923339844,17.87735366821289,17.697066757649715,17.47413444519043,21.264810148308193,-99999.0,False,1.511637330788343,A3667,False,0.0,,,,,,,,,,,,,,0.8811421656901288,10.739309310913086,,,False,False,8,3,1,0.0,0.0,0.0,0.0,0.0,0.0,True,49,0,1.0
112,C901005481507628,302.7219547184092,-56.83928049213332,9.145511627197266,0.0644192966915675,10.451446985948149,-999999.0,16.768442153930664,15.979657173156738,15.86314939841736,15.403153419494627,22.028571885995405,-99999.0,False,0.3339740116589724,A3667,True,0.0,,,,,,,,,,,,,,0.9052927555133028,36.58204650878906,,,False,False,8,1,1,0.0,0.0,0.0,0.0,0.0,0.0,True,38,0,5.0
113,C901005401903709,301.25252005000067,-56.91719440815233,3.9052317142486577,0.0144439153373241,8.06771419194697,-999999.0,18.703697204589844,18.22533416748047,17.99503533163364,17.95881462097168,22.426442886932897,-99999.0,False,1.5879270853493022,A3667,False,0.0,,,,,,,,,,,,,,0.7086618729562026,15.620926856994627,,,False,False,8,2,1,0.0,0.0,0.0,0.0,0.0,0.0,True,49,0,4.0
114,C901005641210521,301.3197700320107,-56.34382370928998,11.196794509887695,0.0178770050406456,8.69671846236623,-999999.0,17.35439682006836,16.87911605834961,16.66958099914322,16.590473175048828,23.367459279363516,-99999.0,False,1.7099251837054026,A3667,False,0.0,,,,,,,,,,,,,,0.684815820925138,44.78717803955078,,,False,False,8,1,1,0.0,0.0,0.0,0.0,0.0,0.0,True,38,0,9.0
115,C901005481007490,300.50829604969175,-56.66470156738962,5.872563362121582,0.0652077347040176,10.10363475004948,-999999.0,17.448694229125977,16.75880241394043,16.470982543584874,16.220821380615234,21.845815652188616,-99999.0,False,2.235746939459609,A3667,True,0.0,,,,,,,,,,,,,,0.9777116855411024,23.490253448486328,,,False,False,4,1,1,0.0,0.0,0.0,0.0,0.0,0.0,True,39,0,1.0
118,C901005803207577,301.0331937841686,-55.84984691410034,2.453289270401001,0.0155007485300302,9.052915414786783,-999999.0,17.432456970214844,16.63825798034668,16.27774202224512,16.09372329711914,19.82987645923325,-99999.0,False,2.350012354541789,A3667,False,0.0,,,,,,,,,,,,,,1.1547149479697223,9.813157081604004,,,False,False,8,3,1,0.0,0.0,0.0,0.0,0.0,0.0,True,49,0,9.0
119,C901005641208224,301.22757247890587,-56.26474817652043,5.243524074554443,0.0538124963641166,10.085103935858069,-999999.0,17.451278686523438,16.681575775146484,16.34568913972934,16.132709503173828,21.522566788472197,-99999.0,False,1.8378811494409069,A3667,True,0.0,,,,,,,,,,,,,,1.1055895467940964,20.974096298217773,,,False,False,8,1,1,0.0,0.0,0.0,0.0,0.0,0.0,True,43,0,1.0
121,C901005561903270,305.56138596747485,-56.518558072688066,3.7552330493927,0.0208978187292814,8.750490181098977,-999999.0,17.120342254638672,16.774330139160156,16.542879383180175,16.55167579650879,20.89038929314182,-99999.0,False,2.144975434287992,A3667,False,0.0,,,,,,,,,,,,,,0.5774628714584971,15.0209321975708,,,False,False,8,2,1,0.0,0.0,0.0,0.0,0.0,0.0,True,48,0,9.0
122,C901005168200366,304.9858821052758,-57.65393799193241,4.571052551269531,0.0513512752950191,10.056252868126132,-999999.0,16.88292694091797,16.251476287841797,15.982819042451364,15.81297492980957,20.794432040577693,-99999.0,False,2.033313023236871,A3667,True,0.0,,,,,,,,,,,,,,0.9001078984666044,18.284210205078125,,,False,False,4,1,1,0.0,0.0,0.0,0.0,0.0,0.0,True,46,0,1.0
123,C901005561202742,302.34790643184505,-56.40497559376629,3.2745537757873535,0.0614169891923666,9.764059327011685,-999999.0,18.015621185302734,17.377777099609375,17.063803656369757,16.949588775634766,21.19641241608794,-99999.0,False,0.9271933662281422,A3667,True,0.0,,,,,,,,,,,,,,0.9518175289329776,13.098215103149414,,,False,False,8,1,1,0.0,0.0,0.0,0.0,0.0,0.0,True,40,0,9.0
124,C901005168109290,304.93300335846385,-57.77306782653343,6.297276973724365,0.0146341966465115,8.31072655696912,-999999.0,17.787357330322266,17.370630264282227,17.17658748086441,17.13340187072754,22.60926892270317,-99999.0,False,2.1211637522595503,A3667,False,0.0,,,,,,,,,,,,,,0.6107698494578564,25.18910789489746,,,False,False,8,3,1,0.0,0.0,0.0,0.0,0.0,0.0,True,55,0,8.0
126,C901005803602355,302.5956977333093,-55.73499238633212,18.608598709106445,0.0146710779517889,9.135773116954915,-999999.0,15.518693923950195,14.919952392578123,15.419464544107,14.517461776733398,22.51139542685181,-99999.0,False,1.755573303916156,A3667,False,0.0,,,,,,,,,,,,,,0.0992293798431944,74.43439483642578,,,False,False,8,1,1,0.0,0.0,0.0,0.0,0.0,0.0,True,43,0,1.0
130,C901005481108161,300.97965042017915,-56.703682370756894,5.595211505889893,0.0548100583255291,11.019388296954004,-999999.0,15.576066970825195,14.639375686645508,14.454513771040514,13.97401523590088,19.621332908587153,-99999.0,True,1.8287668022211423,A3667,True,0.0,,,,,,,,,,,,,,1.1215531997846817,22.38084602355957,,,False,False,4,1,1,0.0,0.0,0.0,0.0,0.0,0.0,True,41,0,9.0
131,C901005481506752,302.6866197461885,-56.75632265532735,3.184626817703247,0.0543210003525018,10.040504787324926,-999999.0,18.051279067993164,17.147741317749023,16.82732642551606,16.52090072631836,20.90590873934389,-99999.0,True,0.3800133408686061,A3667,True,0.0,,,,,,,,,,,,,,1.223952642477105,12.738507270812988,,,False,False,1,1,1,0.0,0.0,0.0,0.0,0.0,0.0,True,40,0,9.0
132,C901005402308630,303.24342914615,-56.940983181055735,2.2446155548095703,0.0529092196375131,9.843941956433044,-999999.0,18.362377166748047,17.487205505371094,17.154099725494223,16.893428802490234,20.48579002800765,-99999.0,True,0.2088762084952025,A3667,True,0.0,,,,,,,,,,,,,,1.2082774412538235,8.978462219238281,,,False,False,1,1,1,0.0,0.0,0.0,0.0,0.0,0.0,True,40,0,9.0
133,C901005481808211,304.0945712275795,-56.86262140587731,3.1603217124938965,0.0545016850668156,10.839647971749551,-999999.0,16.332420349121094,15.372539520263672,14.989688436462387,14.67267894744873,19.11407067656121,-99999.0,True,0.8358035552725787,A3667,True,0.0,,,,,,,,,,,,,,1.3427319126587047,12.641286849975586,,,False,False,1,1,1,0.0,0.0,0.0,0.0,0.0,0.0,True,47,0,1.0
134,C901005803505613,302.3093113493957,-55.661288446819064,2.6385419368743896,0.0555468648672103,10.545940480824385,-999999.0,16.662342071533203,15.76995849609375,15.49589691601043,15.158624649047852,19.119653183960075,-99999.0,True,1.9409707431447112,A3667,True,0.0,,,,,,,,,,,,,,1.1664451555227728,10.55416774749756,,,True,False,8,1,1,0.0,0.0,0.0,0.0,0.0,0.0,True,45,0,1.0
135,C901005561506922,303.8771629513987,-56.49644515709675,1.8749958276748655,0.0568200523654619,10.3021497506959,-999999.0,17.500741958618164,16.600439071655273,16.229260667849676,15.9662504196167,19.2083152816565,-99999.0,True,0.8302180113281614,A3667,True,0.0,,,,,,,,,,,,,,1.271481290768488,7.499983310699463,,,False,False,1,1,1,0.0,0.0,0.0,0.0,0.0,0.0,True,46,0,1.0
137,C901005481602859,302.9837233440261,-56.74295231705601,2.5875566005706787,0.0572069025205523,10.737968689869856,-999999.0,16.7236328125,15.742294311523438,15.405564032571114,15.022332191467283,19.049618285190732,-99999.0,True,0.1711473601343039,A3667,True,0.0,,,,,,,,,,,,,,1.3180687799288862,10.350226402282717,,,False,False,1,1,1,0.0,0.0,0.0,0.0,0.0,0.0,True,41,0,9.0
138,C901005167603370,302.3229804012034,-57.67544973816707,7.453324317932129,0.0564437136054039,9.763102191963222,-999999.0,18.2293701171875,17.428756713867188,17.256832618531025,16.800067901611328,23.033381491505455,-99999.0,True,1.4777559969762493,A3667,True,0.0,,,,,,,,,,,,,,0.9725374986564752,29.813297271728516,,,False,False,4,1,1,0.0,0.0,0.0,0.0,0.0,0.0,True,46,0,1.0
139,C901005561801202,305.01548048254097,-56.41854700921185,3.135783433914185,0.063198298215866,10.80270175179059,-999999.0,16.89495086669922,15.869982719421388,15.459008804697753,15.165887832641602,19.594587708361964,-99999.0,True,1.7460650184142603,A3667,True,0.0,,,,,,,,,,,,,,1.4359420620014678,12.543133735656738,,,False,False,4,1,1,0.0,0.0,0.0,0.0,0.0,0.0,True,44,0,9.0
140,C901005561205623,302.4562183124372,-56.422869313483915,3.30167818069458,0.0563245750963687,9.747182454884497,-999999.0,18.46674537658691,17.66877555847168,17.32150972850996,17.14361000061035,21.505323938626763,-99999.0,True,0.8431741247707516,A3667,True,0.0,,,,,,,,,,,,,,1.1452356480769552,13.20671272277832,,,False,False,1,1,1,0.0,0.0,0.0,0.0,0.0,0.0,True,38,0,9.0
142,C901005402505238,304.01492110296147,-57.060820492817946,4.303077220916748,0.0561589002609252,10.295714809683933,-999999.0,17.278453826904297,16.413528442382812,16.12239532581319,15.822399139404297,20.825298823061154,-99999.0,True,0.8463909812447871,A3667,True,0.0,,,,,,,,,,,,,,1.1560585010911062,17.212308883666992,,,False,False,1,1,1,0.0,0.0,0.0,0.0,0.0,0.0,True,44,0,1.0
143,C901005402401824,303.4176114702194,-56.910299818784054,1.5953220129013062,0.0540303500344201,10.349122955478167,-999999.0,17.482067108154297,16.55237579345703,16.118998903941897,15.904250144958496,18.809492264230816,-99999.0,True,0.2889232843529721,A3667,True,0.0,,,,,,,,,,,,,,1.3630682042124,6.381288051605225,,,False,False,1,1,1,0.0,0.0,0.0,0.0,0.0,0.0,True,46,0,1.0
144,C901005402204289,302.61060790490814,-57.09165910765508,4.320306777954102,0.0536780562251806,10.071487888477526,-999999.0,17.786943435668945,16.913009643554688,16.62278693565582,16.32427215576172,21.33345725756161,-99999.0,True,0.5930085258770129,A3667,True,0.0,,,,,,,,,,,,,,1.1641565000131244,17.281227111816406,,,False,False,1,1,1,0.0,0.0,0.0,0.0,0.0,0.0,True,38,0,1.0
145,C901005561001934,301.42924125774107,-56.48872487260842,6.565706729888916,0.0558833666145801,10.278918705921017,-999999.0,17.056039810180664,16.157869338989258,16.17865358553065,15.547683715820312,21.487151421802206,-99999.0,True,1.5326778826660372,A3667,True,0.0,,,,,,,,,,,,,,0.8773862246500137,26.262826919555664,,,False,False,4,1,1,0.0,0.0,0.0,0.0,0.0,0.0,True,38,0,5.0
146,C901005402206417,302.6944386540437,-56.96944316337052,1.679022192955017,0.0593169294297695,10.112167181896018,-999999.0,18.04277229309082,17.13498306274414,16.79021444752489,16.51908302307129,19.503139927415702,-99999.0,True,0.4196049814868945,A3667,True,0.0,,,,,,,,,,,,,,1.2525578455659314,6.716088771820068,,,False,False,1,1,1,0.0,0.0,0.0,0.0,0.0,0.0,True,39,0,9.0
148,C901005481508482,302.752122726741,-56.7654608008132,7.093635559082031,0.0594275242883365,11.156852661671286,-999999.0,15.429561614990234,14.473198890686035,14.336380932835024,13.792022705078123,19.970417934921315,-99999.0,True,0.3224774345605696,A3667,True,0.0,,,,,,,,,,,,,,1.093180682155209,28.374542236328125,,,False,False,1,1,1,0.0,0.0,0.0,0.0,0.0,0.0,True,45,0,9.0
149,C901005641202657,300.9976771978945,-56.360783207818365,1.8384755849838257,0.0540101528167724,9.794641370342893,-999999.0,18.89133071899414,17.963634490966797,17.471547815167657,17.276168823242188,20.52879850669307,-99999.0,True,1.9510950080053608,A3667,True,0.0,,,,,,,,,,,,,,1.4197829038264835,7.353902339935303,,,False,False,4,1,1,0.0,0.0,0.0,0.0,0.0,0.0,True,41,0,1.0
150,C901005402304700,303.08804119706406,-56.95617482932859,1.7091819047927856,0.0478199683129787,9.7261078238746,-999999.0,18.404804229736328,17.541723251342773,17.192679891643802,16.969051361083984,19.9485393644222,-99999.0,True,0.202360111422005,A3667,True,0.0,,,,,,,,,,,,,,1.2121243380925255,6.836727619171143,,,False,False,1,1,1,0.0,0.0,0.0,0.0,0.0,0.0,True,39,0,9.0
151,C901005561206683,302.4928300611509,-56.50895878856994,3.0354363918304443,0.0598565451800823,10.179691775885422,-999999.0,17.873023986816406,16.991443634033203,16.542177524578683,16.37537384033203,20.645423998656597,-99999.0,True,0.7251345130563009,A3667,True,0.0,,,,,,,,,,,,,,1.330846462237723,12.141745567321776,,,False,False,1,1,1,0.0,0.0,0.0,0.0,0.0,0.0,True,37,0,5.0
153,C901005323804461,304.04085048821656,-57.210844300085355,3.7879652976989746,0.0554225134266143,10.067589014006394,-999999.0,17.870025634765625,17.005176544189453,16.713262338839865,16.406856536865234,21.14008118438287,-99999.0,True,0.9859793451400494,A3667,True,0.0,,,,,,,,,,,,,,1.15676329592576,15.151861190795898,,,False,False,1,1,1,0.0,0.0,0.0,0.0,0.0,0.0,True,42,0,1.0
154,C901005561211976,302.683089950132,-56.528977334729696,3.470982551574707,0.0625360682606697,10.054552771021656,-999999.0,18.20639419555664,17.295249938964844,17.039884413252736,16.700048446655273,21.240386773220493,-99999.0,True,0.591488806507326,A3667,True,0.0,,,,,,,,,,,,,,1.1665097823039048,13.883930206298828,,,False,False,1,1,1,0.0,0.0,0.0,0.0,0.0,0.0,True,43,0,9.0
157,C901005641103957,300.61688529405086,-56.196440730258686,1.9328197240829468,0.0600152984261512,10.14462964868757,-999999.0,17.88442611694336,17.059162139892578,16.56816964679725,16.410810470581055,19.7329935659375,-99999.0,True,2.3556846378403056,A3667,True,0.0,,,,,,,,,,,,,,1.316256470146108,7.731278896331787,,,False,False,1,1,1,0.0,0.0,0.0,0.0,0.0,0.0,True,40,0,1.0
158,C901005481607397,303.17406201271046,-56.76641038257112,2.020739793777466,0.0615789052098989,10.170151107962402,-999999.0,18.00598907470703,17.1033878326416,16.73537026077767,16.48148536682129,19.873814484224443,-99999.0,True,0.1069642677130582,A3667,True,0.0,,,,,,,,,,,,,,1.2706188139293602,8.082959175109863,,,False,False,1,1,1,0.0,0.0,0.0,0.0,0.0,0.0,True,37,0,1.0
159,C901005402503030,303.9281789364173,-56.90456304924897,3.6253223419189458,0.0538366834322611,9.988813639120606,-999999.0,17.93394660949707,17.040002822875977,16.874363586595674,16.437786102294922,21.07961064203314,-99999.0,True,0.7025453177186264,A3667,True,0.0,,,,,,,,,,,,,,1.0595830229013965,14.50128936767578,,,False,False,1,1,1,0.0,0.0,0.0,0.0,0.0,0.0,True,44,0,2.0
160,C901005561208121,302.5442213372339,-56.526649737426766,2.53710675239563,0.0603515300899744,10.445543967031751,-999999.0,17.26900291442871,16.363788604736328,15.98331580578146,15.746063232421877,19.628356992310245,-99999.0,True,0.6742450345337431,A3667,True,0.0,,,,,,,,,,,,,,1.2856871086472506,10.14842700958252,,,False,False,1,1,1,0.0,0.0,0.0,0.0,0.0,0.0,True,39,0,2.0
161,C901005323808803,304.24781851220206,-57.24578104280991,5.996490001678467,0.057417219504714,10.520144987412102,-999999.0,17.45360565185547,16.44608497619629,15.99328860077676,15.67295742034912,21.578445227387043,-99999.0,True,1.159603494446644,A3667,True,0.0,,,,,,,,,,,,,,1.4603170510787091,23.985960006713867,,,False,False,4,1,1,0.0,0.0,0.0,0.0,0.0,0.0,True,44,0,5.0
162,C901005803305653,301.40828436321345,-55.8592754955891,3.690497398376465,0.0580437965691089,10.165625999877168,-999999.0,17.604917526245117,16.72675132751465,16.40302240952118,16.09687042236328,20.80505052678288,-99999.0,True,2.103116040047199,A3667,True,0.0,,,,,,,,,,,,,,1.2018951167239358,14.76198959350586,,,False,False,1,1,1,0.0,0.0,0.0,0.0,0.0,0.0,True,45,0,1.0
163,C901005402505005,304.0047027186489,-56.88695181964621,2.668621063232422,0.0613851770758628,10.304108239567745,-999999.0,18.6104736328125,17.412307739257812,16.89273040059706,16.45904541015625,20.78661696877885,-99999.0,True,0.7630317111537497,A3667,True,0.0,,,,,,,,,,,,,,1.7177432322154402,10.674484252929688,,,False,False,1,1,1,0.0,0.0,0.0,0.0,0.0,0.0,True,46,0,2.0
164,C901005481108186,300.9810304721743,-56.71157145205272,4.855366230010986,0.0543755441904068,10.558226952415868,-999999.0,17.008607864379883,16.012176513671875,15.69617349808661,15.27849006652832,20.68616116237837,-99999.0,True,1.82616346874174,A3667,True,0.0,,,,,,,,,,,,,,1.3124343662932727,19.421464920043945,,,False,False,4,1,1,0.0,0.0,0.0,0.0,0.0,0.0,True,45,0,9.0
165,C901005014202439,303.4199138396983,-58.34273219792981,3.1931707859039307,0.0555415786802768,9.674019894259988,-999999.0,18.56615447998047,17.803010940551758,17.41043391600332,17.20462417602539,21.56699635872392,-99999.0,True,2.370874418482547,A3667,True,0.0,,,,,,,,,,,,,,1.1557205639771482,12.772683143615724,,,False,False,1,1,1,0.0,0.0,0.0,0.0,0.0,0.0,True,53,0,1.0
167,C901005402407272,303.64042927779684,-57.02843377381795,1.8695564270019531,0.0589644853025674,9.675892970119074,-999999.0,18.974294662475582,18.105186462402344,17.77573433813204,17.507701873779297,20.70675403201614,-99999.0,True,0.5457923517588806,A3667,True,0.0,,,,,,,,,,,,,,1.1985603243435463,7.4782257080078125,,,False,False,1,1,1,0.0,0.0,0.0,0.0,0.0,0.0,True,44,0,9.0
168,C901005481502452,302.5139113494702,-56.6975706489699,2.371232032775879,0.0621655016909837,10.6466061343541,-999999.0,16.854310989379883,15.95089340209961,15.563315079093464,15.333300590515137,19.06863834976903,-99999.0,True,0.549409870787144,A3667,True,0.0,,,,,,,,,,,,,,1.2909959102864192,9.484928131103516,,,False,False,1,1,1,0.0,0.0,0.0,0.0,0.0,0.0,True,45,0,9.0
169,C901005561109600,302.1756886329129,-56.51848553754916,2.012984275817871,0.0562127772718668,10.072904439329363,-999999.0,17.854267120361328,16.992372512817383,16.665696490584853,16.404508590698242,19.75444910686931,-99999.0,True,0.9339258649638792,A3667,True,0.0,,,,,,,,,,,,,,1.1885706297764749,8.051937103271484,,,False,False,1,1,1,0.0,0.0,0.0,0.0,0.0,0.0,True,37,0,1.0
170,C901005885907316,304.5390889527391,-55.62108311504005,1.585024118423462,0.0583863817155361,9.665011493600888,-999999.0,18.47173309326172,17.695892333984375,17.38190565500053,17.164180755615234,19.938946390818305,-99999.0,True,2.243229870034895,A3667,True,0.0,,,,,,,,,,,,,,1.0898274382611888,6.340096473693848,,,False,False,1,1,1,0.0,0.0,0.0,0.0,0.0,0.0,True,50,0,2.0
172,C901005481605214,303.0867892031776,-56.709262010185675,1.6843370199203491,0.0583273791506981,10.530142602679902,-999999.0,17.21478271484375,16.270252227783203,15.87897552657639,15.58687973022461,18.645271879919548,-99999.0,True,0.1842140000752118,A3667,True,0.0,,,,,,,,,,,,,,1.33580718826736,6.7373480796813965,,,False,False,1,1,1,0.0,0.0,0.0,0.0,0.0,0.0,True,39,0,9.0
173,C901005481403382,302.1036308683916,-56.68545617152853,2.3987741470336914,0.0522133782505989,9.8311362494714,-999999.0,18.15961456298828,17.297222137451172,17.059875242888754,16.708438873291016,20.440043616936357,-99999.0,True,0.8887476352421081,A3667,True,0.0,,,,,,,,,,,,,,1.099739320099527,9.595096588134766,,,False,False,1,1,1,0.0,0.0,0.0,0.0,0.0,0.0,True,47,0,9.0
174,C901005561205107,302.43615204677604,-56.45840106980364,3.8906171321868896,0.0518399998545646,9.91199560270008,-999999.0,17.922611236572266,17.11231231689453,16.75487596632162,16.584251403808594,21.30527947292643,-99999.0,True,0.8147923158081435,A3667,True,0.0,,,,,,,,,,,,,,1.1677352702506454,15.56246852874756,,,False,False,1,1,1,0.0,0.0,0.0,0.0,0.0,0.0,True,39,0,2.0
175,C901005323505796,302.68539260971124,-57.2782684636306,4.234582424163818,0.0545296035706996,9.818358777859965,-999999.0,19.049556732177734,18.042884826660156,17.56947416658694,17.238691329956055,22.419812461513395,-99999.0,True,0.7899966976035374,A3667,True,0.0,,,,,,,,,,,,,,1.480082565590795,16.938329696655273,,,False,False,1,1,1,0.0,0.0,0.0,0.0,0.0,0.0,True,42,0,1.0
176,C901005481403679,302.11712310524075,-56.67060497319419,3.1309549808502197,0.0534644834697246,10.565699584619054,-999999.0,16.89743423461914,15.962326049804688,15.561592681612105,15.300252914428713,19.68358484683812,-99999.0,True,0.8838357934037598,A3667,True,0.0,,,,,,,,,,,,,,1.3358415530070378,12.52381992340088,,,False,False,1,1,1,0.0,0.0,0.0,0.0,0.0,0.0,True,37,0,2.0
178,C901005402404141,303.51160032764733,-57.09682799916366,3.548011302947998,0.0518101274838795,10.707176328238624,-999999.0,16.58196449279785,15.604728698730469,15.242229671976666,14.904878616333008,19.597528353964535,-99999.0,True,0.5384700506014943,A3667,True,0.0,,,,,,,,,,,,,,1.3397348208211852,14.192045211791992,,,False,False,1,1,1,0.0,0.0,0.0,0.0,0.0,0.0,True,44,0,9.0
180,C901005561300504,302.7154285784265,-56.49283084672441,2.2497501373291016,0.0594263672828674,10.26327622575607,-999999.0,17.703716278076172,16.7868595123291,16.43694157476211,16.172985076904297,19.790405629054817,-99999.0,True,0.6209804838297739,A3667,True,0.0,,,,,,,,,,,,,,1.2667747033140628,8.999000549316406,,,False,False,1,1,1,0.0,0.0,0.0,0.0,0.0,0.0,True,45,0,2.0
181,C901005561300675,302.72087593453756,-56.47439905621157,1.6691248416900637,0.0577963646501302,9.749848581327722,-999999.0,18.751628875732425,17.890090942382812,17.548958442368452,17.303298950195312,20.245409728213733,-99999.0,True,0.6427359072912143,A3667,True,0.0,,,,,,,,,,,,,,1.20267043336397,6.676499366760254,,,False,False,1,1,1,0.0,0.0,0.0,0.0,0.0,0.0,True,40,0,9.0
183,C901005641505225,302.44270969114154,-56.360716651217885,5.019883155822754,0.0525453202188754,10.472723850667126,-999999.0,16.71202278137207,15.771379470825195,15.709275038442067,15.105732917785645,20.517722195086435,-99999.0,True,0.9248514677715792,A3667,True,0.0,,,,,,,,,,,,,,1.0027477429300014,20.079532623291016,,,False,False,1,1,1,0.0,0.0,0.0,0.0,0.0,0.0,True,40,0,2.0
184,C901005245604429,303.7162297284093,-57.433511709186064,5.0287933349609375,0.0559253580868244,10.542146667557796,-999999.0,16.594064712524414,15.757365226745604,15.417166163308508,15.104299545288086,20.507558848834226,-99999.0,True,1.0715908253662445,A3667,True,0.0,,,,,,,,,,,,,,1.176898549215906,20.11517333984375,,,True,False,8,1,1,0.0,0.0,0.0,0.0,0.0,0.0,True,42,0,1.0
185,C901005481508302,302.7452465324511,-56.72439115262188,4.036866188049316,0.0556774549186229,10.138680733713867,-999999.0,17.797243118286133,16.875911712646484,16.656296489903465,16.2513427734375,21.149008163782973,-99999.0,True,0.352136816177257,A3667,True,0.0,,,,,,,,,,,,,,1.140946628382668,16.147464752197266,,,False,False,1,1,1,0.0,0.0,0.0,0.0,0.0,0.0,True,46,0,9.0
186,C901005561904734,305.6305771647739,-56.42202842717154,3.290536880493164,0.0628267973305719,10.867866318209678,-999999.0,16.561264038085938,15.59280490875244,15.125639329307909,14.923298835754396,19.422013404269823,-99999.0,True,2.242704201391406,A3667,True,0.0,,,,,,,,,,,,,,1.435624708778029,13.162147521972656,,,False,False,1,1,1,0.0,0.0,0.0,0.0,0.0,0.0,True,48,0,1.0
190,C901005402404969,303.54379506998157,-56.96378831847247,1.6857218742370603,0.0537218707156309,10.535178722272097,-999999.0,16.908967971801758,15.98956298828125,15.587563861662916,15.353461265563965,18.366367281697556,-99999.0,True,0.4226769253261651,A3667,True,0.0,,,,,,,,,,,,,,1.3214041101388414,6.742887496948242,,,False,False,1,1,1,0.0,0.0,0.0,0.0,0.0,0.0,True,46,0,2.0
191,C901005803502325,302.1607225251953,-55.634156959523736,4.037232398986816,0.0560519471764564,10.056030021232363,-999999.0,17.74563217163086,16.8569393157959,16.684253357281605,16.241207122802734,21.13023274667912,-99999.0,True,2.029146753970709,A3667,True,0.0,,,,,,,,,,,,,,1.0613788143492542,16.148929595947266,,,False,False,1,1,1,0.0,0.0,0.0,0.0,0.0,0.0,True,43,0,1.0
192,C901005481510740,302.8486352103584,-56.742883164235245,1.633771300315857,0.0586359500885009,9.786061192539274,-999999.0,18.767669677734375,17.896305084228516,17.49665646170027,17.315826416015625,20.20513607969289,-99999.0,True,0.2609098936330873,A3667,True,0.0,,,,,,,,,,,,,,1.271013216034106,6.535085201263428,,,False,False,1,1,1,0.0,0.0,0.0,0.0,0.0,0.0,True,39,0,5.0
193,C901005561001155,301.3964829817745,-56.43954867780664,3.8894104957580566,0.0567101534135098,10.778368287105089,-999999.0,16.063785552978516,15.182733535766602,14.978815719362016,14.580282211303713,19.37502712664942,-99999.0,True,1.5873006510328391,A3667,True,0.0,,,,,,,,,,,,,,1.0849698336164997,15.557641983032228,,,True,False,8,1,1,0.0,0.0,0.0,0.0,0.0,0.0,True,41,0,5.0
194,C901005561308430,303.0053429814392,-56.56032882596806,1.7900030612945557,0.0568046238812735,10.33983514610823,-999999.0,17.4355411529541,16.5258731842041,16.175523229836696,15.903701782226562,19.033016734532183,-99999.0,True,0.4245763283922683,A3667,True,0.0,,,,,,,,,,,,,,1.260017923117406,7.160012245178223,,,False,False,1,1,1,0.0,0.0,0.0,0.0,0.0,0.0,True,40,0,2.0
195,C901005481801073,303.81824781019884,-56.652461714409014,2.590862274169922,0.0563701142867406,9.976055281453853,-999999.0,18.33771324157715,17.437362670898438,17.01400356060126,16.78015899658203,20.74745898885239,-99999.0,True,0.6589836295020146,A3667,True,0.0,,,,,,,,,,,,,,1.323709680975888,10.363449096679688,,,False,False,1,1,1,0.0,0.0,0.0,0.0,0.0,0.0,True,46,0,9.0
196,C901005481502921,302.532311477744,-56.7069429965117,2.3028295040130615,0.0577847734093666,10.227647067781248,-999999.0,17.689727783203125,16.762935638427734,16.55619591998753,16.104936599731445,19.81711924531353,-99999.0,True,0.5294849041275957,A3667,True,0.0,,,,,,,,,,,,,,1.1335318632155946,9.211318016052246,,,False,False,1,1,1,0.0,0.0,0.0,0.0,0.0,0.0,True,41,0,5.0
197,C901005481603456,303.00951847434396,-56.7785504835817,1.8023921251296997,0.0564734023064374,10.056577580887447,-999999.0,18.07466697692871,17.175172805786133,16.847429759873755,16.54520034790039,19.697293893694138,-99999.0,True,0.1162987040470235,A3667,True,0.0,,,,,,,,,,,,,,1.227237217054956,7.209568500518799,,,False,False,1,1,1,0.0,0.0,0.0,0.0,0.0,0.0,True,47,0,9.0
198,C901005641307358,301.61234208411514,-56.33082602838247,3.978184938430786,0.0586859360337257,9.860776113377693,-999999.0,18.181854248046875,17.41789436340332,17.071383603878587,16.84848976135254,21.65919388914741,-99999.0,True,1.49943204093565,A3667,True,0.0,,,,,,,,,,,,,,1.110470644168288,15.912739753723145,,,False,False,4,1,1,0.0,0.0,0.0,0.0,0.0,0.0,True,38,0,1.0
200,C901005481404947,302.1746813040052,-56.787908700393835,6.100606918334961,0.0520615465939044,10.160480979138775,-999999.0,17.876134872436523,16.953340530395508,16.51482066883313,16.20399284362793,22.123080426670107,-99999.0,True,0.8017763307194333,A3667,True,0.0,,,,,,,,,,,,,,1.361314203603392,24.402427673339844,,,False,False,1,1,1,0.0,0.0,0.0,0.0,0.0,0.0,True,39,0,2.0
201,C901005885902650,304.34607103546995,-55.59382233121687,9.994961738586426,0.0601966939866542,10.663360364375611,-999999.0,16.25621223449707,15.395581245422363,15.279385212761367,14.78306770324707,21.637361606895816,-99999.0,True,2.1932743333080063,A3667,True,0.0,,,,,,,,,,,,,,0.9768270217357032,39.9798469543457,,,True,False,8,1,1,0.0,0.0,0.0,0.0,0.0,0.0,True,48,0,1.0
202,C901005402409429,303.7294077744625,-56.94833111555746,6.408707141876221,0.0547788018575036,11.057725659721273,-999999.0,15.825209617614746,14.851259231567385,14.501321525931768,14.142266273498535,20.12798604390747,-99999.0,True,0.5559221290914944,A3667,True,0.0,,,,,,,,,,,,,,1.3238880916829778,25.634828567504883,,,False,False,1,1,1,0.0,0.0,0.0,0.0,0.0,0.0,True,42,0,2.0
203,C901005561212390,302.69741615622956,-56.50611800850093,2.4933550357818604,0.0540363285690546,9.785402195246585,-999999.0,18.575231552124023,17.6956729888916,17.36233851297067,17.093463897705078,20.922468287178376,-99999.0,True,0.6125865203932347,A3667,True,0.0,,,,,,,,,,,,,,1.2128930391533537,9.97342014312744,,,False,False,1,1,1,0.0,0.0,0.0,0.0,0.0,0.0,True,37,0,2.0
205,C901005481406430,302.23375383092525,-56.746516162114375,3.037797212600708,0.0583553370088338,9.602065967971877,-999999.0,18.99864387512207,18.153663635253903,17.874301012113214,17.587989807128906,21.809332213359134,-99999.0,True,0.7599452219054244,A3667,True,0.0,,,,,,,,,,,,,,1.124342863008856,12.151188850402832,,,False,False,1,1,1,0.0,0.0,0.0,0.0,0.0,0.0,True,47,0,9.0
206,C901005561400469,303.17073358413336,-56.48340025851561,3.774426221847534,0.0557027339178538,10.30248496577217,-999999.0,17.521711349487305,16.614280700683594,16.220410823018312,15.987825393676758,20.74141008592047,-99999.0,True,0.5361567516676174,A3667,True,0.0,,,,,,,,,,,,,,1.3013005264689923,15.097704887390137,,,False,False,1,1,1,0.0,0.0,0.0,0.0,0.0,0.0,True,40,0,2.0
207,C901005402401311,303.39561192636245,-57.09225362314714,2.5160672664642334,0.0540999826043844,10.049574398845524,-999999.0,18.05946922302246,17.158769607543945,16.76542081800318,16.536022186279297,20.405255527723583,-99999.0,True,0.4768690944964986,A3667,True,0.0,,,,,,,,,,,,,,1.2940484050192822,10.064269065856934,,,False,False,1,1,1,0.0,0.0,0.0,0.0,0.0,0.0,True,42,0,2.0
209,C901005561107830,302.10939202770766,-56.454618589032954,3.2282328605651855,0.0607015080749988,9.640719256648278,-999999.0,19.052825927734375,18.217697143554688,17.853225033383495,17.61551284790039,22.005396094962496,-99999.0,True,1.0356298064265166,A3667,True,0.0,,,,,,,,,,,,,,1.1996008943508798,12.912931442260742,,,False,False,4,1,1,0.0,0.0,0.0,0.0,0.0,0.0,True,38,0,1.0
212,C901005481610591,303.3080402649687,-56.85708804633217,1.581682562828064,0.0543598793447017,9.902523062730577,-999999.0,18.37407112121582,17.481273651123047,17.127503405445953,16.86620330810547,19.719744966829484,-99999.0,True,0.1716923365816204,A3667,True,0.0,,,,,,,,,,,,,,1.2465677157698671,6.326730251312256,,,False,False,1,1,1,0.0,0.0,0.0,0.0,0.0,0.0,True,43,0,9.0
213,C901005481510463,302.83738303143593,-56.70091111128953,5.582840919494629,0.0563886295010459,11.055382037183245,-999999.0,15.977018356323242,15.02843189239502,14.469066451799424,14.308727264404297,20.00558283914825,-99999.0,True,0.3063476790986509,A3667,True,0.0,,,,,,,,,,,,,,1.507951904523818,22.331363677978516,,,False,False,1,1,1,0.0,0.0,0.0,0.0,0.0,0.0,True,37,0,2.0
215,C901005804005138,304.4887473439425,-55.64575316138707,6.501969337463379,0.0622425191104412,10.376967610599795,-999999.0,17.836292266845703,16.880598068237305,16.38057944496885,16.106157302856445,22.188697335384177,-99999.0,True,2.1871289442886357,A3667,True,0.0,,,,,,,,,,,,,,1.4557128218768547,26.007877349853516,,,False,False,1,1,1,0.0,0.0,0.0,0.0,0.0,0.0,True,52,0,9.0
216,C901005561312032,303.13737675922044,-56.46642401186743,1.6256937980651855,0.0570078864693641,9.836261913724208,-999999.0,18.52880096435547,17.65622901916504,17.330056636670907,17.061216354370117,19.95429744552544,-99999.0,True,0.5607074765626169,A3667,True,0.0,,,,,,,,,,,,,,1.1987443276845615,6.502775192260742,,,False,False,1,1,1,0.0,0.0,0.0,0.0,0.0,0.0,True,41,0,2.0
217,C901005402409025,303.71217839283855,-57.07054441041271,3.4290056228637695,0.0552520342171192,9.75662255708616,-999999.0,18.57044982910156,17.717937469482422,17.416085138959705,17.148818969726562,21.63665313756341,-99999.0,True,0.6332808370729659,A3667,True,0.0,,,,,,,,,,,,,,1.1543646901418576,13.716022491455078,,,False,False,1,1,1,0.0,0.0,0.0,0.0,0.0,0.0,True,46,0,9.0
218,C901005560900572,300.9239971379787,-56.52981335023878,3.1948976516723633,0.0550869777798652,10.355368355512326,-999999.0,17.189167022705078,16.294458389282227,15.997042714521124,15.672974586486816,20.059617821633815,-99999.0,True,1.9266069519951603,A3667,True,0.0,,,,,,,,,,,,,,1.1921243081839528,12.779590606689451,,,False,False,4,1,1,0.0,0.0,0.0,0.0,0.0,0.0,True,49,0,1.0
219,C901005323608076,303.2172655661391,-57.25686223502024,3.3253045082092285,0.0530697461217641,9.80644205848516,-999999.0,18.217365264892575,17.424747467041016,17.06401105138841,16.797420501708984,21.276779254385023,-99999.0,True,0.674395328073835,A3667,True,0.0,,,,,,,,,,,,,,1.1533542135041692,13.301218032836914,,,False,False,1,1,1,0.0,0.0,0.0,0.0,0.0,0.0,True,47,0,2.0
220,C901005641506044,302.47688438345926,-56.22376539374727,2.2600317001342773,0.0511443652212619,9.835304963519082,-999999.0,18.200523376464844,17.32619857788086,17.02379027595181,16.67632293701172,20.33964591353205,-99999.0,True,1.085196108323367,A3667,True,0.0,,,,,,,,,,,,,,1.176733100513033,9.04012680053711,,,False,False,4,1,1,0.0,0.0,0.0,0.0,0.0,0.0,True,38,0,1.0
221,C901005245802857,304.5983481275063,-57.58234630889608,3.2585859298706055,0.0645272657275199,10.412676564217518,-999999.0,17.17504119873047,16.306655883789062,16.03015903493519,15.688596725463867,20.11467645530444,-99999.0,True,1.7154874350605829,A3667,True,0.0,,,,,,,,,,,,,,1.1448821637952804,13.034343719482422,,,False,False,4,1,1,0.0,0.0,0.0,0.0,0.0,0.0,True,42,0,2.0
223,C901005323807805,304.20167481277855,-57.19476261649585,6.988384246826172,0.0557875182264617,11.110991348448248,-999999.0,15.553914070129396,14.609317779541016,14.30413303978241,13.940509796142578,20.07407634157758,-99999.0,True,1.0841631665475688,A3667,True,0.0,,,,,,,,,,,,,,1.249781030346984,27.953536987304688,,,False,False,4,1,1,0.0,0.0,0.0,0.0,0.0,0.0,True,47,0,9.0
224,C901005481305485,301.76271568610156,-56.66606357810971,1.509233832359314,0.0529499500989913,9.946920830746976,-999999.0,18.066957473754883,17.21273422241211,16.830398788029445,16.628902435302734,19.349391565039884,-99999.0,True,1.1788260007238998,A3667,True,0.0,,,,,,,,,,,,,,1.2365586857254378,6.036935329437256,,,False,False,4,1,1,0.0,0.0,0.0,0.0,0.0,0.0,True,37,0,1.0
225,C901005481609968,303.28261720539564,-56.80827146480046,14.391697883605955,0.0596691217100968,10.992171175684463,-999999.0,15.406158447265623,14.50347900390625,14.556593255630746,13.846757888793944,21.536913853372695,-99999.0,True,0.1464414217200616,A3667,True,0.0,,,,,,,,,,,,,,0.8495651916348788,57.56679153442383,,,False,False,1,1,1,0.0,0.0,0.0,0.0,0.0,0.0,True,39,0,5.0
226,C901005481507425,302.7141988704852,-56.68392626090505,5.244513034820557,0.0571639313297048,10.95908223800551,-999999.0,16.0179443359375,15.067158699035645,14.74434939421468,14.396269798278809,19.908559226537545,-99999.0,True,0.4067392868259198,A3667,True,0.0,,,,,,,,,,,,,,1.2735949417228198,20.978052139282227,,,False,False,1,1,1,0.0,0.0,0.0,0.0,0.0,0.0,True,41,0,2.0
228,C901005481603011,302.9902904147041,-56.833005453897,3.437767267227173,0.0538628210302057,10.241411843262988,-999999.0,17.403827667236328,16.4847354888916,16.296644526442147,15.821488380432127,20.408992531247385,-99999.0,True,0.1055996430563818,A3667,True,0.0,,,,,,,,,,,,,,1.1071831407941808,13.751069068908691,,,False,False,1,1,1,0.0,0.0,0.0,0.0,0.0,0.0,True,37,0,2.0
230,C901005641105093,300.66084150219666,-56.27957473142747,2.5714893341064453,0.0567007064819335,9.611912395674626,-999999.0,18.848609924316406,18.058748245239254,17.673752364288312,17.509342193603516,21.352546563555254,-99999.0,True,2.2677803959457594,A3667,True,0.0,,,,,,,,,,,,,,1.1748575600280944,10.28595733642578,,,False,False,1,1,1,0.0,0.0,0.0,0.0,0.0,0.0,True,37,0,2.0
231,C901005402309835,303.2923750241543,-56.89869810814683,2.653306722640991,0.0510775968432426,9.620977141712787,-999999.0,18.79780006408691,17.94873046875,17.56086105782701,17.38298988342285,21.310542437431906,-99999.0,True,0.1884432861142857,A3667,True,0.0,,,,,,,,,,,,,,1.2369390062599024,10.613226890563965,,,False,False,1,1,1,0.0,0.0,0.0,0.0,0.0,0.0,True,38,0,2.0
233,C901005561304102,302.84533529980604,-56.51671355122894,3.1773340702056885,0.0541493199342474,10.108570667707118,-999999.0,17.588924407958984,16.734731674194336,16.489849273047366,16.153446197509766,20.487920754301165,-99999.0,True,0.5339594571747874,A3667,True,0.0,,,,,,,,,,,,,,1.0990751349116188,12.709336280822754,,,False,False,1,1,1,0.0,0.0,0.0,0.0,0.0,0.0,True,41,0,9.0
234,C901005245801807,304.5488585418661,-57.53045877322183,2.9490435123443604,0.0567409694194793,10.01177696997448,-999999.0,18.29886054992676,17.380033493041992,17.013462896461803,16.729806900024414,20.971314077264424,-99999.0,True,1.6307845767524265,A3667,True,0.0,,,,,,,,,,,,,,1.2853976534649547,11.79617404937744,,,False,False,4,1,1,0.0,0.0,0.0,0.0,0.0,0.0,True,44,0,2.0
235,C901005402410649,303.781943154019,-57.01382464521119,3.072956800460815,0.0544478930532932,9.614159976307056,-999999.0,18.47681427001953,17.69951629638672,17.50411907566702,17.204626083374023,21.38017325312122,-99999.0,True,0.6371763173928965,A3667,True,0.0,,,,,,,,,,,,,,0.9726951943525108,12.291827201843262,,,False,False,1,1,1,0.0,0.0,0.0,0.0,0.0,0.0,True,42,0,5.0
236,C901005481608522,303.2245408129406,-56.83347145436467,9.809722900390623,0.0568980239331722,10.066712797893516,-999999.0,17.423370361328125,16.50528335571289,16.85552877144766,15.880634307861328,22.70644173666654,-99999.0,True,0.0946943470241445,A3667,True,0.0,,,,,,,,,,,,,,0.5678415898804658,39.2388916015625,,,False,False,1,1,1,0.0,0.0,0.0,0.0,0.0,0.0,True,40,0,9.0
237,C901005561304132,302.8465107837845,-56.51201682937459,2.1191742420196533,0.0534139405936002,9.907792685115398,-999999.0,18.38945198059082,17.489431381225586,17.064854088470817,16.893468856811523,20.363139395917,-99999.0,True,0.5401434656634237,A3667,True,0.0,,,,,,,,,,,,,,1.3245978921200037,8.476696968078613,,,False,False,1,1,1,0.0,0.0,0.0,0.0,0.0,0.0,True,46,0,9.0
238,C901005402403444,303.4858100741499,-57.02878865047936,3.2202398777008057,0.0533342286944389,9.756186834375733,-999999.0,18.635181427001953,17.733884811401367,17.386342798471297,17.19614601135254,21.516200611990964,-99999.0,True,0.445221398933145,A3667,True,0.0,,,,,,,,,,,,,,1.248838628530656,12.880959510803224,,,False,False,1,1,1,0.0,0.0,0.0,0.0,0.0,0.0,True,46,0,5.0
239,C901005561211641,302.6715533889373,-56.59227600670973,5.831766605377197,0.0607527448064417,10.385879311650111,-999999.0,17.13109588623047,16.22353744506836,16.165778609757115,15.61384391784668,21.2954128000396,-99999.0,True,0.5248812832797608,A3667,True,0.0,,,,,,,,,,,,,,0.9653172764733532,23.32706642150879,,,False,False,1,1,1,0.0,0.0,0.0,0.0,0.0,0.0,True,41,0,2.0
240,C901005561401938,303.22891733959597,-56.59681029694292,1.571696400642395,0.0604572780430316,10.18129082814599,-999999.0,18.047645568847656,17.127498626708984,16.74427782760052,16.497976303100586,19.35221660137743,-99999.0,True,0.370836935698507,A3667,True,0.0,,,,,,,,,,,,,,1.3033677412471365,6.28678560256958,,,False,False,1,1,1,0.0,0.0,0.0,0.0,0.0,0.0,True,40,0,5.0
241,C901005641411332,302.22557219116527,-56.30394719537446,4.476182460784912,0.0625498319665591,10.384685227024177,-999999.0,17.813520431518555,16.816389083862305,16.401615965638822,16.053272247314453,21.31380267152015,-99999.0,True,1.1135998372581066,A3667,True,0.0,,,,,,,,,,,,,,1.4119044658797328,17.90472984313965,,,False,False,4,1,1,0.0,0.0,0.0,0.0,0.0,0.0,True,41,0,2.0
242,C901005481508804,302.7640513594626,-56.63845999413252,1.8182517290115356,0.0599647052586078,9.75637484456156,-999999.0,18.912965774536133,18.028257369995117,17.635457424827802,17.428184509277344,20.56940209784486,-99999.0,True,0.4180926481891142,A3667,True,0.0,,,,,,,,,,,,,,1.2775083497083308,7.273006916046143,,,False,False,1,1,1,0.0,0.0,0.0,0.0,0.0,0.0,True,39,0,2.0
243,C901005245610638,303.98629732700925,-57.58053592497145,7.747249126434326,0.0571407217076123,10.703040350267866,-999999.0,16.921527862548828,15.943951606750488,15.4731176056115,15.112024307250977,21.63256389696028,-99999.0,True,1.3832310977162103,A3667,True,0.0,,,,,,,,,,,,,,1.4484102569373292,30.988996505737305,,,False,False,4,1,1,0.0,0.0,0.0,0.0,0.0,0.0,True,44,0,1.0
244,C901005402405554,303.5688718440363,-57.008816080846074,1.6045821905136108,0.0534251071512699,9.639245790636853,-999999.0,19.05356788635254,18.159379959106445,17.780849964487555,17.542146682739258,20.4290644788262,-99999.0,True,0.4787553914685115,A3667,True,0.0,,,,,,,,,,,,,,1.2727179218649844,6.418328762054443,,,False,False,1,1,1,0.0,0.0,0.0,0.0,0.0,0.0,True,42,0,9.0
245,C901005641301509,301.3914837703763,-56.14535413835812,18.531810760498047,0.053677132344914,10.774979968992822,-999999.0,15.522293090820312,14.653768539428713,14.821238757103975,14.003437995910645,22.236232504717787,-99999.0,True,1.8190757695911912,A3667,True,0.0,,,,,,,,,,,,,,0.7010543337163355,74.12724304199219,,,False,False,4,1,1,0.0,0.0,0.0,0.0,0.0,0.0,True,45,0,2.0
246,C901005402404012,303.5069223569605,-57.02765838721289,5.15612268447876,0.0574028831871334,11.005310651662166,-999999.0,15.87452220916748,14.933721542358398,14.630251619852784,14.241451263427734,19.73821243600158,-99999.0,True,0.4568931584583682,A3667,True,0.0,,,,,,,,,,,,,,1.244270589314695,20.62449073791504,,,False,False,1,1,1,0.0,0.0,0.0,0.0,0.0,0.0,True,47,0,2.0
247,C901005481501241,302.4629924905811,-56.70607270838968,2.8757786750793457,0.0607403709077336,10.828906568424156,-999999.0,16.589923858642578,15.638763427734377,15.202508119839448,14.97873306274414,19.17541540416712,-99999.0,True,0.5855829523991483,A3667,True,0.0,,,,,,,,,,,,,,1.3874157388031296,11.503114700317385,,,False,False,1,1,1,0.0,0.0,0.0,0.0,0.0,0.0,True,40,0,9.0
248,C901005561709042,304.9357019662328,-56.54085228079198,2.2130656242370605,0.062933437526226,10.153794873274409,-999999.0,17.983993530273438,17.10991859436035,16.73513100906493,16.524343490600586,20.07776473755635,-99999.0,True,1.6181203051229909,A3667,True,0.0,,,,,,,,,,,,,,1.2488625212085085,8.852262496948242,,,False,False,4,1,1,0.0,0.0,0.0,0.0,0.0,0.0,True,48,0,1.0
249,C901005481207180,301.40629886912944,-56.685038084002635,14.04319953918457,0.0556311607360839,10.489808625028967,-999999.0,16.04914093017578,15.160343170166016,15.580556916790824,14.552907943725586,22.140548185708944,-99999.0,True,1.4721250307504985,A3667,True,0.0,,,,,,,,,,,,,,0.468584013384957,56.17279815673828,,,False,False,4,1,1,0.0,0.0,0.0,0.0,0.0,0.0,True,41,0,1.0
250,C901005561000966,301.38843502749256,-56.48657465370242,3.47838830947876,0.0570563077926635,10.348772371564504,-999999.0,17.4311580657959,16.507831573486328,16.134253436633294,15.869766235351562,20.45759656915958,-99999.0,True,1.5666448813268885,A3667,True,0.0,,,,,,,,,,,,,,1.2969046291626043,13.91355323791504,,,False,False,4,1,1,0.0,0.0,0.0,0.0,0.0,0.0,True,37,0,2.0
251,C901005481603892,303.02955899325525,-56.76022549140814,2.9884448051452637,0.0573049932718277,9.642350090019796,-999999.0,18.917865753173828,18.057586669921875,17.75554439337712,17.48855972290039,21.677687547031052,-99999.0,True,0.12599172393033,A3667,True,0.0,,,,,,,,,,,,,,1.1623213597967066,11.953779220581056,,,False,False,1,1,1,0.0,0.0,0.0,0.0,0.0,0.0,True,40,0,2.0
252,C901005722008275,301.4905246316583,-56.035383688590706,4.141232967376709,0.0557880923151969,9.859661330555005,-999999.0,18.745166778564453,17.839458465576172,17.203295052701776,17.13584327697754,22.16798146065441,-99999.0,True,1.8606486068678465,A3667,True,0.0,,,,,,,,,,,,,,1.541871725862677,16.564931869506836,,,False,False,4,1,1,0.0,0.0,0.0,0.0,0.0,0.0,True,39,0,2.0
253,C901005402500534,303.8230016387126,-56.95995613236348,4.823822021484375,0.0508738122880458,10.251795563859105,-999999.0,16.917373657226562,16.085102081298828,15.95491195535375,15.51997184753418,20.744933142076533,-99999.0,True,0.6368217899256569,A3667,True,0.0,,,,,,,,,,,,,,0.9624617018728115,19.2952880859375,,,False,False,1,1,1,0.0,0.0,0.0,0.0,0.0,0.0,True,47,0,9.0
255,C901005402300950,302.92865412628385,-57.05795409664084,6.719020366668701,0.0547876879363467,10.388820865672525,-999999.0,17.043729782104492,16.192052841186523,15.830186622676694,15.45705509185791,21.571457310539326,-99999.0,True,0.3922626646121956,A3667,True,0.0,,,,,,,,,,,,,,1.2135431594277986,26.876081466674805,,,False,False,1,1,1,0.0,0.0,0.0,0.0,0.0,0.0,True,38,0,2.0
256,C901005481603637,303.01767580298554,-56.71215362291093,1.5543535947799685,0.0553216747939586,10.030027617864972,-999999.0,18.18475914001465,17.289838790893555,16.87262145298641,16.667282104492188,19.490462582255592,-99999.0,True,0.1962157673773935,A3667,True,0.0,,,,,,,,,,,,,,1.3121376870282369,6.217414379119873,,,False,False,1,1,1,0.0,0.0,0.0,0.0,0.0,0.0,True,43,0,9.0
257,C901005561201228,302.2913900394452,-56.548080704632845,2.0023112297058105,0.0609286352992057,9.874646797419866,-999999.0,18.73787498474121,17.847843170166016,17.433900916073345,17.237369537353516,20.598375767164715,-99999.0,True,0.8253224316967098,A3667,True,0.0,,,,,,,,,,,,,,1.3039740686678662,8.009244918823242,,,False,False,1,1,1,0.0,0.0,0.0,0.0,0.0,0.0,True,39,0,2.0
258,C901005804005522,304.5054530424976,-55.658818903830074,8.821015357971191,0.0606286099432161,11.129826911209774,-999999.0,15.699017524719238,14.712372779846191,14.450414014939032,13.968844413757324,20.68284035265111,-99999.0,True,2.177922190753787,A3667,True,0.0,,,,,,,,,,,,,,1.2486035097802048,35.284061431884766,,,False,False,1,1,1,0.0,0.0,0.0,0.0,0.0,0.0,True,48,0,9.0
261,C901005402302697,303.00325127337135,-57.022358837954386,3.490680694580078,0.0502245104890888,10.66327195497039,-999999.0,16.271413803100586,15.37682819366455,15.059952094837596,14.747810363769531,19.33425349597584,-99999.0,True,0.3182405821213791,A3667,True,0.0,,,,,,,,,,,,,,1.2114617082629913,13.962722778320312,,,True,False,8,1,1,0.0,0.0,0.0,0.0,0.0,0.0,True,46,0,2.0
263,C901005561704350,304.70957989613765,-56.56694333747945,3.073922634124756,0.0585977956652641,10.391410166221076,-999999.0,17.61116600036621,16.643253326416016,16.16203153439605,15.906975746154783,20.324592672057932,-99999.0,True,1.420923348701553,A3667,True,0.0,,,,,,,,,,,,,,1.449134465970161,12.295690536499023,,,False,False,4,1,1,0.0,0.0,0.0,0.0,0.0,0.0,True,44,0,2.0
265,C901005168301170,305.4963335858517,-57.77696608404954,8.594820976257324,0.0567192387474937,11.049854088795293,-999999.0,15.506155967712402,14.583826065063477,14.42876003207766,13.931721687316896,20.497884922226387,-99999.0,True,2.487232897105919,A3667,True,0.0,,,,,,,,,,,,,,1.0773959356347422,34.3792839050293,,,False,False,1,1,1,0.0,0.0,0.0,0.0,0.0,0.0,True,44,0,1.0
266,C901005481508173,302.7401530339256,-56.644013579100275,2.4983625411987305,0.0590780785650691,10.915882297032956,-999999.0,16.331575393676758,15.372359275817873,14.946417417814398,14.683825492858888,18.603511256281895,-99999.0,True,0.427063995596175,A3667,True,0.0,,,,,,,,,,,,,,1.3851579758623591,9.993450164794922,,,False,False,1,1,1,0.0,0.0,0.0,0.0,0.0,0.0,True,37,0,2.0
267,C901005402309320,303.2714602060103,-57.007820361925454,4.286177158355713,0.0553232862513696,10.628197105860531,-999999.0,16.79641342163086,15.831549644470217,15.566602573947256,15.135734558105469,20.23477491394161,-99999.0,True,0.311620552000791,A3667,True,0.0,,,,,,,,,,,,,,1.229810847683602,17.14470863342285,,,True,False,8,1,1,0.0,0.0,0.0,0.0,0.0,0.0,True,44,0,1.0
268,C901005481709956,303.72798591210096,-56.63793011660647,4.062020301818848,0.0594411995261907,9.992212927202976,-999999.0,18.62190055847168,17.661163330078125,17.224328640225576,16.8989200592041,21.947748460118827,-99999.0,True,0.6004869779094885,A3667,True,0.0,,,,,,,,,,,,,,1.3975719182461042,16.24808120727539,,,False,False,1,1,1,0.0,0.0,0.0,0.0,0.0,0.0,True,47,0,2.0
269,C901005481509324,302.7864988068456,-56.69939884881302,6.373387336730957,0.0538311776583606,11.075791449803056,-999999.0,15.491065979003906,14.543352127075195,14.331987854265147,13.86689567565918,19.808078374450982,-99999.0,True,0.3421940468174829,A3667,True,0.0,,,,,,,,,,,,,,1.1590781247387572,25.493549346923828,,,False,False,1,1,1,0.0,0.0,0.0,0.0,0.0,0.0,True,42,0,9.0
270,C901005091004157,304.72400773712883,-57.93846131414979,5.623556613922119,0.0515848957002162,10.191639783231745,-999999.0,17.738632202148438,16.7721004486084,16.439240006105585,15.982723236083984,21.765030488661885,-99999.0,True,2.192788978068734,A3667,True,0.0,,,,,,,,,,,,,,1.2993921960428525,22.494226455688477,,,False,False,1,1,1,0.0,0.0,0.0,0.0,0.0,0.0,True,53,0,1.0
272,C901005641508802,302.5863181093712,-56.20292042567864,9.184859275817873,0.0530205104059708,10.947339401811773,-999999.0,15.613306999206545,14.71621799468994,14.433642245718966,14.072481155395508,20.774455210062307,-99999.0,True,1.0704493222178235,A3667,True,0.0,,,,,,,,,,,,,,1.179664753487577,36.73943710327149,,,False,False,4,1,1,0.0,0.0,0.0,0.0,0.0,0.0,True,39,0,2.0
273,C901005561110330,302.2024688388883,-56.59583872205565,2.5171992778778076,0.0506223738193511,9.63939765748198,-999999.0,18.425506591796875,17.659114837646484,17.325512070365132,17.116159439086914,20.90657751181744,-99999.0,True,0.8567235197020846,A3667,True,0.0,,,,,,,,,,,,,,1.0999945214317428,10.06879711151123,,,False,False,1,1,1,0.0,0.0,0.0,0.0,0.0,0.0,True,38,0,2.0
274,C901005481408963,302.33191809287865,-56.7752917790745,1.8009235858917236,0.0534915861984094,10.020744006533343,-999999.0,17.694786071777344,16.912456512451172,16.52943169055493,16.374711990356445,19.432807623554556,-99999.0,True,0.6705612867486112,A3667,True,0.0,,,,,,,,,,,,,,1.1653543812224143,7.2036943435668945,,,False,False,1,1,1,0.0,0.0,0.0,0.0,0.0,0.0,True,45,0,2.0
276,C901005402404366,303.51973703495,-57.08749119287875,3.9110727310180664,0.0502123609185218,10.33618136162021,-999999.0,17.07468605041504,16.151214599609375,15.968910346514791,15.496397972106934,20.35556874257572,-99999.0,True,0.5316934957504112,A3667,True,0.0,,,,,,,,,,,,,,1.105775703900246,15.644290924072266,,,False,False,1,1,1,0.0,0.0,0.0,0.0,0.0,0.0,True,42,0,2.0
277,C901005402106164,302.23656422363376,-56.95138436290393,3.568114995956421,0.0572621412575244,10.0150483803659,-999999.0,17.761280059814453,16.984235763549805,16.66205386525074,16.44495391845703,20.989304658817503,-99999.0,True,0.7699535470128938,A3667,True,0.0,,,,,,,,,,,,,,1.0992261945637125,14.272459983825684,,,False,False,1,1,1,0.0,0.0,0.0,0.0,0.0,0.0,True,38,0,1.0
278,C901005885904902,304.4394610860548,-55.60676632368753,4.376108646392822,0.0594857074320316,10.48071362982146,-999999.0,17.789854049682617,16.74424171447754,16.203103324947495,15.85311508178711,21.192556875023413,-99999.0,True,2.216260381462922,A3667,True,0.0,,,,,,,,,,,,,,1.586750724735122,17.50443458557129,,,False,False,1,1,1,0.0,0.0,0.0,0.0,0.0,0.0,True,56,0,1.0
279,C901005402301774,302.96096749273545,-57.00756064308159,13.833600044250488,0.0542246161422845,10.248811890781957,-999999.0,16.488037109375,15.620610237121582,16.180018287672134,15.00494384765625,22.56816099507074,-99999.0,True,0.3095888604792078,A3667,True,0.0,,,,,,,,,,,,,,0.3080188217028663,55.33440017700195,,,False,False,1,1,1,0.0,0.0,0.0,0.0,0.0,0.0,True,40,0,2.0
280,C901005561008602,301.72183619401017,-56.42431879822944,1.6274429559707642,0.0540379807353019,10.106112800498558,-999999.0,18.27739715576172,17.382930755615234,16.64291471393065,16.766159057617188,19.683334311904108,-99999.0,True,1.345126569806273,A3667,True,0.0,,,,,,,,,,,,,,1.634482441831068,6.509771823883057,,,False,False,4,1,1,0.0,0.0,0.0,0.0,0.0,0.0,True,40,0,1.0
281,C901005803300862,301.21057863698746,-55.65202858960199,5.839452266693115,0.0550029389560222,10.010309615205925,-999999.0,18.4056396484375,17.43509292602539,17.098338679872708,16.60181427001953,22.50982817148309,-99999.0,True,2.457767374627307,A3667,True,0.0,,,,,,,,,,,,,,1.3073009685647925,23.35780906677246,,,False,False,1,1,1,0.0,0.0,0.0,0.0,0.0,0.0,True,37,0,2.0
282,C901005323901407,304.35725824972565,-57.36613204176923,3.7161362171173096,0.0564252510666847,10.2724940476524,-999999.0,17.442745208740234,16.573753356933594,16.247294146947024,15.917243003845217,20.66708616330996,-99999.0,True,1.3439198045611354,A3667,True,0.0,,,,,,,,,,,,,,1.1954510617932108,14.864544868469238,,,False,False,4,1,1,0.0,0.0,0.0,0.0,0.0,0.0,True,44,0,1.0
283,C901005481506379,302.67373539656666,-56.73909820283537,2.1916799545288086,0.0583776421844959,9.603824198843954,-999999.0,18.828752517700195,17.99331283569336,17.82634832251901,17.443456649780273,20.94007319502577,-99999.0,True,0.3989574758581181,A3667,True,0.0,,,,,,,,,,,,,,1.0024041951811853,8.766719818115234,,,False,False,1,1,1,0.0,0.0,0.0,0.0,0.0,0.0,True,39,0,2.0
284,C901005641303764,301.47438884529544,-56.34029011921359,10.162049293518066,0.0538054816424846,10.28914670320068,-999999.0,17.6290283203125,16.699661254882812,16.287750631999028,15.890569686889648,22.977442422775777,-99999.0,True,1.5947116349590795,A3667,True,0.0,,,,,,,,,,,,,,1.3412776883134718,40.648197174072266,,,False,False,4,1,1,0.0,0.0,0.0,0.0,0.0,0.0,True,38,0,5.0
285,C901005561209115,302.5805426690635,-56.50286426373994,4.532845497131348,0.0590475463024142,10.667347038545405,-999999.0,16.64468002319336,15.766345024108888,15.353919266092516,15.15156364440918,20.291074287364403,-99999.0,True,0.6792595923951322,A3667,True,0.0,,,,,,,,,,,,,,1.290760757100843,18.13138198852539,,,False,False,1,1,1,0.0,0.0,0.0,0.0,0.0,0.0,True,45,0,5.0
287,C901005481605484,303.0979487228865,-56.83816629126355,1.8554812669754028,0.051699755854458,10.183781892578924,-999999.0,17.92721176147461,17.001008987426758,16.407706423775863,16.35711669921875,19.586166539411,-99999.0,True,0.0222817040447783,A3667,True,0.0,,,,,,,,,,,,,,1.519505337698746,7.421925067901611,,,False,False,1,1,1,0.0,0.0,0.0,0.0,0.0,0.0,True,40,0,5.0
288,C901005402405641,303.5723487132102,-56.93458741739904,1.910739541053772,0.0529489386826753,9.746381058850332,-999999.0,18.657201766967773,17.804264068603516,17.375354535959648,17.237449645996094,20.45314620551881,-99999.0,True,0.4240130848781316,A3667,True,0.0,,,,,,,,,,,,,,1.2818472310081257,7.642958164215088,,,False,False,1,1,1,0.0,0.0,0.0,0.0,0.0,0.0,True,42,0,2.0
