"probe","X","ID","RA","DEC","g_mag","r_mag","i_mag","z_mag","y_mag","GAIA_g_mag","GAIA_bp_mag","GAIA_rp_mag","Mstar","Re","z","GAL_MU_E_R","pmRA","pmDEC","priority","MagnetX_noDC","MagnetY_noDC","type","MagnetX","MagnetY","SkyPosition","fibre_type","x","y","rads","angs","azAngs","angs_azAng"
"1",0,"C901007176706574",312.360429537155,-51.6641240225776,18.0402603149414,17.3091506958008,16.9777750011701,16.8342056274414,0,0,0,0,9.35650451085924,2.93822550773621,0.031163390725851,20.8924510009187,NA,NA,8,-111772.924602891,177741.059788862,1,-73500.91,-185979.81,NA,"P",-73.50091,-185.97981,199.977182444558,2.64299297232924,1.19442686210346,1.44856611022577
"2",1,"C901006998206718",311.512861509595,-52.1779778740138,18.0196743011475,17.1883888244629,17.0268090076029,16.5372905731201,0,0,0,0,9.77691182343543,10.3636665344238,0.0465961024165153,23.5088306587062,NA,NA,4,-303323.298831602,61610.0893642704,1,-195723.42,-62155.34,NA,"P",-195.72342,-62.15534,205.35565107153,-1.46725185440783,0.307494574260936,4.50843887851082
"3",2,"C901006998900299",314.095166118216,-52.172410582089,18.5350761413574,18.1953544616699,18.0112293586947,18.0077686309814,0,0,0,0,7.59166981259622,3.73710536956787,0.009973551146686,22.3009058592747,NA,NA,8,280277.542716751,62868.2973392764,1,179959.16,-65089.11,NA,"P",179.95916,-65.08911,191.368470518259,4.62410950815952,2.79454334016768,1.82956616799184
"4",3,"C901006734800319",313.665746732213,-53.0889559967526,17.6880226135254,16.9478225708008,16.6331749403328,16.4624843597412,0,0,0,0,9.79902752652432,3.14209032058716,0.0448311101645231,20.6767905767574,NA,NA,8,183228.761480197,-144270.966374686,1,116036.54,151516.61,NA,"P",116.03654,151.51661,190.844862967447,2.69134573457604,4.05883102058139,4.91570002117423
"5",4,"C901007087706512",313.751279577272,-52.0377720976394,16.3921508789062,15.5896043777466,15.2416925752732,14.965145111084,0,0,0,0,10.4512200226943,6.67233610153198,0.045474532583663,20.9538686326455,NA,NA,8,202559.184463491,93296.5948249043,1,129476.08,-96946.72,NA,"P",129.47608,-96.94672,161.748946861872,4.44010180794069,2.4988845763181,1.94121723162259
"6",5,"C901006998707184",313.56299187233,-52.3219354651219,16.8090000152588,15.9495029449463,15.6224381087198,15.3522090911865,0,0,0,0,10.3166723703029,4.11326313018799,0.0442350711673498,20.2633100902662,NA,NA,1,160006.163146506,29075.6737738483,1,101026.81,-29978.28,NA,"P",101.02681,-29.97828,105.380802855807,4.1274135250477,2.85313314261765,1.27428038243005
"7",6,"C901006734700895",313.278254888113,-52.9566743209266,16.1446628570557,15.3858203887939,15.0967884442647,14.8300065994263,0,0,0,0,10.5223875573339,6.97022151947021,0.0486563246942591,20.8449279733255,NA,NA,8,95655.6047134433,-114375.307638012,1,60315.47,118704.72,NA,"P",60.31547,118.70472,133.149414086579,3.01762467804209,4.24227166374475,5.05853832147692
"8",7,"C901006647509765",312.594818796721,-53.2682865840413,17.7114543914795,16.9656562805176,16.692857973404,16.4755516052246,0,0,0,0,9.78615355807934,3.63871312141419,0.0448190420866012,21.0132700465896,NA,NA,8,-58800.9519411544,-184799.679101937,1,-36153.6,194257.7,NA,"P",-36.1536,194.2577,197.593362242384,2.80452857370409,-1.38679001669131,4.1913185903954
"9",8,"C901006647403868",311.940815006233,-53.156098811424,15.8353443145752,15.1463556289673,15.1422228321673,14.6411914825439,0,0,0,0,10.3743174811587,10.6482582092285,0.048223724956369,21.5256231796301,NA,NA,8,-206605.808591312,-159445.242490428,1,-129881.1,169368.93,NA,"P",-129.8811,169.36893,213.436019890165,3.06446391519576,-0.916596154331211,3.98106006952697
"10",9,"C901007087408220",312.612316476369,-52.0533994149732,16.8820037841797,16.2779598236084,16.0432935390944,15.8394985198975,0,0,0,0,9.96231187423364,4.35794115066528,0.0483425222337245,20.7172413116803,NA,NA,8,-54846.4763407219,89764.8211074634,1,-35214.45,-92538.76,NA,"P",-35.21445,-92.53876,99.0125223956046,1.82877212761235,1.20717989579016,0.621592231822191
"11",10,"C901006998506555",312.751285076008,-52.1752842373215,15.5072336196899,14.7895679473877,14.5337416498737,14.2680616378784,0,0,0,0,10.7181530726783,3.671142578125,0.0495135773108177,18.8564488879144,NA,NA,8,-23439.5728221184,62218.851256751,1,-15074.4,-64068.91,NA,"P",-15.0744,-64.06891,65.8184074856578,1.72011286436302,1.33971509003979,0.380397774323234
"12",11,"C901007087606387",313.333788628593,-51.9247394730499,15.5325355529785,14.6204557418823,14.3806493173491,13.9832496643066,0,0,0,0,10.9085885174557,5.78359889984131,0.0472851514010943,19.6743212558161,NA,NA,4,108206.230062071,118841.967982115,1,68845.58,-123527.75,NA,"P",68.84558,-123.52775,141.417180376356,0.979216538540755,2.07924888273818,5.18315296298216
"13",12,"C901007177006992",313.585107563467,-51.8314471323984,15.5994462966919,14.8051891326904,14.5833025312365,14.2049560546875,0,0,0,0,10.713916388961,8.2976541519165,0.0477096435637461,20.6428404613203,NA,NA,8,165004.309343635,139926.036969368,1,106058.91,-146220.25,NA,"P",106.05891,-146.22025,180.634586667256,0.644921098278839,2.19832516402672,4.7297812414317
"14",13,"C901006909705055",311.529440761711,-52.6090867571244,17.1317386627197,16.2551803588867,15.8499686603555,15.4983568191528,0,0,0,0,10.2600605099285,18.5101451873779,0.0480791330337524,23.8351041667555,NA,NA,4,-299576.387853218,-35820.5182187243,1,-190702.96,40095.4,NA,"P",-190.70296,40.0954,194.872419941667,2.04298689263985,-0.207232138377567,2.25021903101741
"15",14,"C901006909804224",311.883158389645,-52.3933223405874,17.1837329864502,16.3346633911133,15.8083956994728,15.7456369400024,0,0,0,0,10.2129220859734,1.86182141304016,0.0437215492129325,18.9272281772062,NA,NA,4,-219636.203940127,12942.2399186502,1,-139292.42,-11953.7,NA,"P",-139.29242,-11.9537,139.804396258295,5.13657420197015,0.0856075600600268,5.05096664191012
"16",15,"C901006734504291",312.590784719728,-52.893452852306,16.5269203186035,15.7242259979248,16.2990402080918,15.2056694030762,0,0,0,0,9.93622518169897,14.0431995391846,0.0415673032402992,22.7044310134677,NA,NA,1,-59712.6533415678,-100087.255729744,1,-36874.35,103810.58,NA,"P",-36.87435,103.81058,110.165122465592,1.46914847599519,-1.22948940604777,2.69863788204295
"17",16,"C901006822106672",312.990266419721,-52.8018702970537,14.5332126617432,13.6394844055176,13.4582562316672,13.0089111328125,0,0,0,0,11.2402786863919,9.61520004272461,0.0449882400064801,19.7971507077373,NA,NA,1,30570.210856896,-79389.5982427272,1,19419.73,81949.33,NA,"P",19.41973,81.94933,84.2188731860134,3.31592681150475,4.47970866118719,5.11940345749714
"18",17,"C901006909903964",312.307165302773,-52.5641732859324,17.0020408630371,16.2120590209961,15.8869615750043,15.6309185028076,0,0,0,0,10.1368447135028,4.50980567932129,0.0431583188474178,20.7257228486882,NA,NA,1,-123810.641573293,-25670.0737293202,1,-77605.5,27110.38,NA,"P",-77.6055,27.11038,82.2045396191378,5.65446156927413,-0.3360829885457,5.99054455781983
"19",18,"C901007087802185",313.973998314635,-51.8861751356856,17.5009803771973,16.8160705566406,16.6302813422713,16.3629360198975,0,0,0,0,9.79642130456503,3.63119721412659,0.0495056919753551,20.8591944210856,NA,NA,8,252893.619107563,127557.508226444,1,163776.39,-133656.23,NA,"P",163.77639,-133.65623,211.39227454958,0.607114055874594,2.45711760942091,4.43318175363327
"20",19,"487597160",312.767498,-52.60218,16.5184,16.3123,16.1678,16.1598,0,0,0,0,0,0,0,0,-2.42032729346237,-12.2588952898313,8,-19775.4520000066,-34259.5911085992,0,-12217.57,35315.55,NA,"P",-12.21757,35.31555,37.3691997306258,3.49912828627011,-1.23773013956165,4.73685842583177
"21",20,"487578654",313.019027,-52.224676,16.4084,16.0017,15.7224,15.6524,0,0,0,0,0,0,0,0,3.35031692649886,-8.57632177054273,2,37070.1019999946,51056.3128913996,0,23190.09,-52652.51,NA,"P",23.19009,-52.65251,57.5331824559375,1.43780786666997,1.98566888714188,5.73532428670767
"22",21,"Sky-A1-1",312.317397,-51.518813224,NA,NA,NA,NA,NA,NA,NA,NA,NA,NA,NA,NA,NA,NA,NA,NA,NA,NA,-81072.3,-222702.23,3,"S",-81.0723,-222.70223,0,0,0,0
"23",22,"Sky-A1-2",312.245847,-51.535637736,NA,NA,NA,NA,NA,NA,NA,NA,NA,NA,NA,NA,NA,NA,NA,NA,NA,NA,-91693.55,-218543.57,3,"S",-91.69355,-218.54357,0,0,0,0
"24",23,"Sky-A1-3",312.1651203,-51.540373328,NA,NA,NA,NA,NA,NA,NA,NA,NA,NA,NA,NA,NA,NA,NA,NA,NA,NA,-103825.7,-217488.59,1,"S",-103.8257,-217.48859,0,0,0,0
"25",24,"Sky-A1-4",312.1010937,-51.568560145,NA,NA,NA,NA,NA,NA,NA,NA,NA,NA,NA,NA,NA,NA,NA,NA,NA,NA,-113222.22,-210479.76,2,"S",-113.22222,-210.47976,0,0,0,0
"26",25,"Sky-A1-5",312.0114724,-51.56814487,NA,NA,NA,NA,NA,NA,NA,NA,NA,NA,NA,NA,NA,NA,NA,NA,NA,NA,-126827.06,-210786.38,0,"S",-126.82706,-210.78638,0,0,0,0
"27",26,"Sky-A1-6",311.9438692,-51.593893228,NA,NA,NA,NA,NA,NA,NA,NA,NA,NA,NA,NA,NA,NA,NA,NA,NA,NA,-136821.98,-204440.08,0,"S",-136.82198,-204.44008,0,0,0,0
"28",27,"Sky-A1-7",311.8964524,-51.637394821,NA,NA,NA,NA,NA,NA,NA,NA,NA,NA,NA,NA,NA,NA,NA,NA,NA,NA,-143522.43,-193603.65,1,"S",-143.52243,-193.60365,0,0,0,0
"29",28,"Sky-A2-1",311.177124,-52.421837122,NA,NA,NA,NA,NA,NA,NA,NA,NA,NA,NA,NA,NA,NA,NA,NA,NA,NA,-245980.78,-3075.01,0,"S",-245.98078,-3.07501,0,0,0,0
"30",29,"Sky-A2-2",311.2333352,-52.470770994,NA,NA,NA,NA,NA,NA,NA,NA,NA,NA,NA,NA,NA,NA,NA,NA,NA,NA,-236849.56,8443.1,3,"S",-236.84956,8.4431,0,0,0,0
"31",30,"Sky-A2-3",311.1786116,-52.520297021,NA,NA,NA,NA,NA,NA,NA,NA,NA,NA,NA,NA,NA,NA,NA,NA,NA,NA,-245137.46,20582.15,0,"S",-245.13746,20.58215,0,0,0,0
"32",31,"Sky-A2-4",311.2169257,-52.567344855,NA,NA,NA,NA,NA,NA,NA,NA,NA,NA,NA,NA,NA,NA,NA,NA,NA,NA,-238906.82,31695.34,1,"S",-238.90682,31.69534,0,0,0,0
"33",32,"Sky-A2-5",311.2399102,-52.614054468,NA,NA,NA,NA,NA,NA,NA,NA,NA,NA,NA,NA,NA,NA,NA,NA,NA,NA,-235137.33,42795.3,2,"S",-235.13733,42.7953,0,0,0,0
"34",33,"Sky-A2-6",311.2665323,-52.659659689,NA,NA,NA,NA,NA,NA,NA,NA,NA,NA,NA,NA,NA,NA,NA,NA,NA,NA,-230857.77,53606.8,3,"S",-230.85777,53.6068,0,0,0,0
"35",34,"Sky-A2-7",311.2282868,-52.714648256,NA,NA,NA,NA,NA,NA,NA,NA,NA,NA,NA,NA,NA,NA,NA,NA,NA,NA,-236669.81,67107.4,0,"S",-236.66981,67.1074,0,0,0,0
"36",35,"Sky-A3-1",312.3850691,-53.412776734,NA,NA,NA,NA,NA,NA,NA,NA,NA,NA,NA,NA,NA,NA,NA,NA,NA,NA,-66382.14,231677.52,1,"S",-66.38214,231.67752,0,0,0,0
"37",36,"Sky-A3-2",312.4632445,-53.425397687,NA,NA,NA,NA,NA,NA,NA,NA,NA,NA,NA,NA,NA,NA,NA,NA,NA,NA,-55158.28,234603.13,1,"S",-55.15828,234.60313,0,0,0,0
"38",37,"Sky-A3-3",312.5423864,-53.435711958,NA,NA,NA,NA,NA,NA,NA,NA,NA,NA,NA,NA,NA,NA,NA,NA,NA,NA,-43806.66,236985.31,1,"S",-43.80666,236.98531,0,0,0,0
"39",38,"Sky-A3-4",312.6259897,-53.428302773,NA,NA,NA,NA,NA,NA,NA,NA,NA,NA,NA,NA,NA,NA,NA,NA,NA,NA,-31816.56,234854.65,3,"S",-31.81656,234.85465,0,0,0,0
"40",39,"Sky-A3-5",312.6997805,-53.468590052,NA,NA,NA,NA,NA,NA,NA,NA,NA,NA,NA,NA,NA,NA,NA,NA,NA,NA,-21257.58,245079.81,0,"S",-21.25758,245.07981,0,0,0,0
"41",40,"Sky-A3-6",312.7836492,-53.452590048,NA,NA,NA,NA,NA,NA,NA,NA,NA,NA,NA,NA,NA,NA,NA,NA,NA,NA,-9249.26,240822.58,1,"S",-9.24926,240.82258,0,0,0,0
"42",41,"Sky-A3-7",312.8320486,-53.445641703,NA,NA,NA,NA,NA,NA,NA,NA,NA,NA,NA,NA,NA,NA,NA,NA,NA,NA,-2328.95,238988.65,2,"S",-2.32895,238.98865,0,0,0,0
"43",42,"Sky-A4-1",313.6702767,-53.324544224,NA,NA,NA,NA,NA,NA,NA,NA,NA,NA,NA,NA,NA,NA,NA,NA,NA,NA,117864.56,210211.82,1,"S",117.86456,210.21182,0,0,0,0
"44",43,"Sky-A4-2",313.7394479,-53.299615652,NA,NA,NA,NA,NA,NA,NA,NA,NA,NA,NA,NA,NA,NA,NA,NA,NA,NA,127842.23,204297.4,1,"S",127.84223,204.2974,0,0,0,0
"45",44,"Sky-A4-3",313.8251624,-53.288473913,NA,NA,NA,NA,NA,NA,NA,NA,NA,NA,NA,NA,NA,NA,NA,NA,NA,NA,140376.88,202015.67,0,"S",140.37688,202.01567,0,0,0,0
"46",45,"Sky-A4-4",313.8711249,-53.243835719,NA,NA,NA,NA,NA,NA,NA,NA,NA,NA,NA,NA,NA,NA,NA,NA,NA,NA,146886.77,191063.71,1,"S",146.88677,191.06371,0,0,0,0
"47",46,"Sky-A4-5",313.9163113,-53.201375766,NA,NA,NA,NA,NA,NA,NA,NA,NA,NA,NA,NA,NA,NA,NA,NA,NA,NA,153321.73,180724.78,3,"S",153.32173,180.72478,0,0,0,0
"48",47,"Sky-A4-6",313.9928829,-53.180620508,NA,NA,NA,NA,NA,NA,NA,NA,NA,NA,NA,NA,NA,NA,NA,NA,NA,NA,164571.15,176060.79,1,"S",164.57115,176.06079,0,0,0,0
"49",48,"Sky-A4-7",314.0308683,-53.135720004,NA,NA,NA,NA,NA,NA,NA,NA,NA,NA,NA,NA,NA,NA,NA,NA,NA,NA,169982.57,165151.22,3,"S",169.98257,165.15122,0,0,0,0
"50",49,"Sky-A5-1",314.1385309,-51.828252753,NA,NA,NA,NA,NA,NA,NA,NA,NA,NA,NA,NA,NA,NA,NA,NA,NA,NA,189835.88,-148470.2,1,"S",189.83588,-148.4702,0,0,0,0
"51",50,"Sky-A5-2",314.0692999,-51.801643563,NA,NA,NA,NA,NA,NA,NA,NA,NA,NA,NA,NA,NA,NA,NA,NA,NA,NA,179443.81,-154818.99,3,"S",179.44381,-154.81899,0,0,0,0
"52",51,"Sky-A5-3",314.0350658,-51.755887312,NA,NA,NA,NA,NA,NA,NA,NA,NA,NA,NA,NA,NA,NA,NA,NA,NA,NA,174686.45,-166029.24,1,"S",174.68645,-166.02924,0,0,0,0
"53",52,"Sky-A5-4",313.9793538,-51.722058325,NA,NA,NA,NA,NA,NA,NA,NA,NA,NA,NA,NA,NA,NA,NA,NA,NA,NA,166495.77,-174241.85,1,"S",166.49577,-174.24185,0,0,0,0
"54",53,"Sky-A5-5",313.9211584,-51.689899623,NA,NA,NA,NA,NA,NA,NA,NA,NA,NA,NA,NA,NA,NA,NA,NA,NA,NA,157919.43,-182050.86,1,"S",157.91943,-182.05086,0,0,0,0
"55",54,"Sky-A5-6",313.8529489,-51.665650985,NA,NA,NA,NA,NA,NA,NA,NA,NA,NA,NA,NA,NA,NA,NA,NA,NA,NA,147740.9,-187865.98,2,"S",147.7409,-187.86598,0,0,0,0
"56",55,"Sky-A5-7",313.8157385,-51.614958929,NA,NA,NA,NA,NA,NA,NA,NA,NA,NA,NA,NA,NA,NA,NA,NA,NA,NA,142588.16,-200461.01,0,"S",142.58816,-200.46101,0,0,0,0
"57",56,"Sky-H1-1",311.7914894,-51.688069791,NA,NA,NA,NA,NA,NA,NA,NA,NA,NA,NA,NA,NA,NA,NA,NA,NA,NA,-158928.93,-181170.25,1,"S",-158.92893,-181.17025,0,0,0,0
"58",57,"Sky-H1-2",311.7331332,-51.720139643,NA,NA,NA,NA,NA,NA,NA,NA,NA,NA,NA,NA,NA,NA,NA,NA,NA,NA,-167461.73,-173313.68,1,"S",-167.46173,-173.31368,0,0,0,0
"59",58,"Sky-H1-3",311.6772534,-51.753885731,NA,NA,NA,NA,NA,NA,NA,NA,NA,NA,NA,NA,NA,NA,NA,NA,NA,NA,-175606.63,-165055.67,1,"S",-175.60663,-165.05567,0,0,0,0
"60",59,"Sky-H1-4",311.6005392,-51.776323155,NA,NA,NA,NA,NA,NA,NA,NA,NA,NA,NA,NA,NA,NA,NA,NA,NA,NA,-187148.5,-159660.38,0,"S",-187.1485,-159.66038,0,0,0,0
"61",60,"Sky-H1-5",311.593066,-51.835908751,NA,NA,NA,NA,NA,NA,NA,NA,NA,NA,NA,NA,NA,NA,NA,NA,NA,NA,-187493.67,-144965.94,3,"S",-187.49367,-144.96594,0,0,0,0
"62",61,"Sky-H1-6",311.5003866,-51.852938919,NA,NA,NA,NA,NA,NA,NA,NA,NA,NA,NA,NA,NA,NA,NA,NA,NA,NA,-201628.08,-140933.02,0,"S",-201.62808,-140.93302,0,0,0,0
"63",62,"Sky-H1-7",311.4547767,-51.89336347,NA,NA,NA,NA,NA,NA,NA,NA,NA,NA,NA,NA,NA,NA,NA,NA,NA,NA,-208175.44,-131068.63,0,"S",-208.17544,-131.06863,0,0,0,0
"64",63,"Sky-H1-8",311.461084,-51.952992967,NA,NA,NA,NA,NA,NA,NA,NA,NA,NA,NA,NA,NA,NA,NA,NA,NA,NA,-206401.83,-116478.69,3,"S",-206.40183,-116.47869,0,0,0,0
"65",64,"Sky-H2-1",311.398343,-52.024429828,NA,NA,NA,NA,NA,NA,NA,NA,NA,NA,NA,NA,NA,NA,NA,NA,NA,NA,-215266.42,-99143.16,3,"S",-215.26642,-99.14316,0,0,0,0
"66",65,"Sky-H2-2",311.3137599,-52.0537509,NA,NA,NA,NA,NA,NA,NA,NA,NA,NA,NA,NA,NA,NA,NA,NA,NA,NA,-228133.66,-92038.22,0,"S",-228.13366,-92.03822,0,0,0,0
"67",66,"Sky-H2-3",311.3132745,-52.106270093,NA,NA,NA,NA,NA,NA,NA,NA,NA,NA,NA,NA,NA,NA,NA,NA,NA,NA,-227576.41,-79309.77,1,"S",-227.57641,-79.30977,0,0,0,0
"68",67,"Sky-H2-4",311.2873132,-52.15189106,NA,NA,NA,NA,NA,NA,NA,NA,NA,NA,NA,NA,NA,NA,NA,NA,NA,NA,-231128.77,-68268.26,1,"S",-231.12877,-68.26826,0,0,0,0
"69",68,"Sky-H2-5",311.2894598,-52.202301263,NA,NA,NA,NA,NA,NA,NA,NA,NA,NA,NA,NA,NA,NA,NA,NA,NA,NA,-230259.4,-56121.39,3,"S",-230.2594,-56.12139,0,0,0,0
"70",69,"Sky-H2-6",311.2461297,-52.245152121,NA,NA,NA,NA,NA,NA,NA,NA,NA,NA,NA,NA,NA,NA,NA,NA,NA,NA,-236620.39,-45736.79,1,"S",-236.62039,-45.73679,0,0,0,0
"71",70,"Sky-H2-7",311.2310233,-52.292579659,NA,NA,NA,NA,NA,NA,NA,NA,NA,NA,NA,NA,NA,NA,NA,NA,NA,NA,-238546.93,-34299.02,1,"S",-238.54693,-34.29902,0,0,0,0
"72",71,"Sky-H2-8",311.2322891,-52.341329491,NA,NA,NA,NA,NA,NA,NA,NA,NA,NA,NA,NA,NA,NA,NA,NA,NA,NA,-237929.62,-22594.18,2,"S",-237.92962,-22.59418,0,0,0,0
"73",72,"Sky-H3-1",311.7730451,-53.211665598,NA,NA,NA,NA,NA,NA,NA,NA,NA,NA,NA,NA,NA,NA,NA,NA,NA,NA,-154915.77,184613.56,1,"S",-154.91577,184.61356,0,0,0,0
"74",73,"Sky-H3-2",311.8512428,-53.230261022,NA,NA,NA,NA,NA,NA,NA,NA,NA,NA,NA,NA,NA,NA,NA,NA,NA,NA,-143432.93,188669.01,3,"S",-143.43293,188.66901,0,0,0,0
"75",74,"Sky-H3-3",311.9072648,-53.265095271,NA,NA,NA,NA,NA,NA,NA,NA,NA,NA,NA,NA,NA,NA,NA,NA,NA,NA,-135321.55,197000.2,2,"S",-135.32155,197.0002,0,0,0,0
"76",75,"Sky-H3-4",311.9666441,-53.298445077,NA,NA,NA,NA,NA,NA,NA,NA,NA,NA,NA,NA,NA,NA,NA,NA,NA,NA,-126738.16,204984.15,1,"S",-126.73816,204.98415,0,0,0,0
"77",76,"Sky-H3-5",312.048697,-53.309979966,NA,NA,NA,NA,NA,NA,NA,NA,NA,NA,NA,NA,NA,NA,NA,NA,NA,NA,-114791.26,207345.04,3,"S",-114.79126,207.34504,0,0,0,0
"78",77,"Sky-H3-6",312.1068442,-53.346441038,NA,NA,NA,NA,NA,NA,NA,NA,NA,NA,NA,NA,NA,NA,NA,NA,NA,NA,-106448.91,216216.77,1,"S",-106.44891,216.21677,0,0,0,0
"79",78,"Sky-H3-7",312.1851278,-53.360213194,NA,NA,NA,NA,NA,NA,NA,NA,NA,NA,NA,NA,NA,NA,NA,NA,NA,NA,-95126.44,219253.19,2,"S",-95.12644,219.25319,0,0,0,0
"80",79,"Sky-H3-8",312.2638937,-53.371510613,NA,NA,NA,NA,NA,NA,NA,NA,NA,NA,NA,NA,NA,NA,NA,NA,NA,NA,-83761.59,221704.75,3,"S",-83.76159,221.70475,0,0,0,0
"81",80,"Sky-H4-1",313.0028611,-53.449516164,NA,NA,NA,NA,NA,NA,NA,NA,NA,NA,NA,NA,NA,NA,NA,NA,NA,NA,22120.59,239982.8,1,"S",22.12059,239.9828,0,0,0,0
"82",81,"Sky-H4-2",313.0797435,-53.428593861,NA,NA,NA,NA,NA,NA,NA,NA,NA,NA,NA,NA,NA,NA,NA,NA,NA,NA,33083.17,234679.58,3,"S",33.08317,234.67958,0,0,0,0
"83",82,"Sky-H4-3",313.1608584,-53.428481248,NA,NA,NA,NA,NA,NA,NA,NA,NA,NA,NA,NA,NA,NA,NA,NA,NA,NA,44710.42,234780.7,2,"S",44.71042,234.7807,0,0,0,0
"84",83,"Sky-H4-4",313.2394034,-53.418350301,NA,NA,NA,NA,NA,NA,NA,NA,NA,NA,NA,NA,NA,NA,NA,NA,NA,NA,55954.92,232357.58,2,"S",55.95492,232.35758,0,0,0,0
"85",84,"Sky-H4-5",313.3206832,-53.413378226,NA,NA,NA,NA,NA,NA,NA,NA,NA,NA,NA,NA,NA,NA,NA,NA,NA,NA,67631.1,231316.01,1,"S",67.6311,231.31601,0,0,0,0
"86",85,"Sky-H4-6",313.3891468,-53.383908431,NA,NA,NA,NA,NA,NA,NA,NA,NA,NA,NA,NA,NA,NA,NA,NA,NA,NA,77376.39,224013.16,3,"S",77.37639,224.01316,0,0,0,0
"87",86,"Sky-H4-7",313.4685696,-53.374352962,NA,NA,NA,NA,NA,NA,NA,NA,NA,NA,NA,NA,NA,NA,NA,NA,NA,NA,88808.15,221887.61,2,"S",88.80815,221.88761,0,0,0,0
"88",87,"Sky-H4-8",313.5612964,-53.379866173,NA,NA,NA,NA,NA,NA,NA,NA,NA,NA,NA,NA,NA,NA,NA,NA,NA,NA,102290.63,223724.44,0,"S",102.29063,223.72444,0,0,0,0
"89",88,"Sky-H5-1",314.4813166,-52.617572623,NA,NA,NA,NA,NA,NA,NA,NA,NA,NA,NA,NA,NA,NA,NA,NA,NA,NA,237341.34,41834.81,1,"S",237.34134,41.83481,0,0,0,0
"90",89,"Sky-H5-2",314.523496,-52.571788426,NA,NA,NA,NA,NA,NA,NA,NA,NA,NA,NA,NA,NA,NA,NA,NA,NA,NA,244039.33,30996.87,0,"S",244.03933,30.99687,0,0,0,0
"91",90,"Sky-H5-3",314.5302746,-52.522743509,NA,NA,NA,NA,NA,NA,NA,NA,NA,NA,NA,NA,NA,NA,NA,NA,NA,NA,245248.08,19219.22,0,"S",245.24808,19.21922,0,0,0,0
"92",91,"Sky-H5-4",314.4886004,-52.473252451,NA,NA,NA,NA,NA,NA,NA,NA,NA,NA,NA,NA,NA,NA,NA,NA,NA,NA,238891.93,7186.56,2,"S",238.89193,7.18656,0,0,0,0
"93",92,"Sky-H5-5",314.487668,-52.425340652,NA,NA,NA,NA,NA,NA,NA,NA,NA,NA,NA,NA,NA,NA,NA,NA,NA,NA,238961.03,-4315.85,2,"S",238.96103,-4.31585,0,0,0,0
"94",93,"Sky-H5-6",314.4702484,-52.378168209,NA,NA,NA,NA,NA,NA,NA,NA,NA,NA,NA,NA,NA,NA,NA,NA,NA,NA,236481,-15675.99,3,"S",236.481,-15.67599,0,0,0,0
"95",94,"Sky-H5-7",314.4745106,-52.329870109,NA,NA,NA,NA,NA,NA,NA,NA,NA,NA,NA,NA,NA,NA,NA,NA,NA,NA,237439.82,-27264.07,2,"S",237.43982,-27.26407,0,0,0,0
"96",95,"Sky-H5-8",314.5059984,-52.277649643,NA,NA,NA,NA,NA,NA,NA,NA,NA,NA,NA,NA,NA,NA,NA,NA,NA,NA,242761.11,-39787.46,0,"S",242.76111,-39.78746,0,0,0,0
"97",96,"Sky-H6-1",314.4453423,-52.200700254,NA,NA,NA,NA,NA,NA,NA,NA,NA,NA,NA,NA,NA,NA,NA,NA,NA,NA,233824.92,-58369.25,1,"S",233.82492,-58.36925,0,0,0,0
"98",97,"Sky-H6-2",314.4110692,-52.156734573,NA,NA,NA,NA,NA,NA,NA,NA,NA,NA,NA,NA,NA,NA,NA,NA,NA,NA,228830.7,-68974.71,2,"S",228.8307,-68.97471,0,0,0,0
"99",98,"Sky-H6-3",314.3973844,-52.108719033,NA,NA,NA,NA,NA,NA,NA,NA,NA,NA,NA,NA,NA,NA,NA,NA,NA,NA,227132.05,-80573.54,1,"S",227.13205,-80.57354,0,0,0,0
"100",99,"Sky-H6-4",314.3970985,-52.056226265,NA,NA,NA,NA,NA,NA,NA,NA,NA,NA,NA,NA,NA,NA,NA,NA,NA,NA,227618.53,-93304.89,0,"S",227.61853,-93.30489,0,0,0,0
"101",100,"Sky-H6-5",314.3127154,-52.026779587,NA,NA,NA,NA,NA,NA,NA,NA,NA,NA,NA,NA,NA,NA,NA,NA,NA,NA,214712.01,-100338.19,3,"S",214.71201,-100.33819,0,0,0,0
"102",101,"Sky-H6-6",314.277293,-51.984516281,NA,NA,NA,NA,NA,NA,NA,NA,NA,NA,NA,NA,NA,NA,NA,NA,NA,NA,209635.65,-110552.68,3,"S",209.63565,-110.55268,0,0,0,0
"103",102,"Sky-H6-7",314.2494688,-51.939271369,NA,NA,NA,NA,NA,NA,NA,NA,NA,NA,NA,NA,NA,NA,NA,NA,NA,NA,205795.84,-121528.07,2,"S",205.79584,-121.52807,0,0,0,0
"104",103,"Sky-H6-8",314.2438555,-51.883697328,NA,NA,NA,NA,NA,NA,NA,NA,NA,NA,NA,NA,NA,NA,NA,NA,NA,NA,205560.35,-135133.06,0,"S",205.56035,-135.13306,0,0,0,0
"105",104,"Sky-H7-1",313.6796847,-51.593116177,NA,NA,NA,NA,NA,NA,NA,NA,NA,NA,NA,NA,NA,NA,NA,NA,NA,NA,122077.92,-205470.15,2,"S",122.07792,-205.47015,0,0,0,0
"106",105,"Sky-H7-2",313.6179822,-51.562981557,NA,NA,NA,NA,NA,NA,NA,NA,NA,NA,NA,NA,NA,NA,NA,NA,NA,NA,112988.23,-212872.55,1,"S",112.98823,-212.87255,0,0,0,0
"107",106,"Sky-H7-3",313.5430151,-51.548661057,NA,NA,NA,NA,NA,NA,NA,NA,NA,NA,NA,NA,NA,NA,NA,NA,NA,NA,101763.55,-216252.59,2,"S",101.76355,-216.25259,0,0,0,0
"108",107,"Sky-H7-4",313.4770756,-51.522273608,NA,NA,NA,NA,NA,NA,NA,NA,NA,NA,NA,NA,NA,NA,NA,NA,NA,NA,92004.44,-222747.04,1,"S",92.00444,-222.74704,0,0,0,0
"109",108,"Sky-H7-5",313.4045069,-51.505063441,NA,NA,NA,NA,NA,NA,NA,NA,NA,NA,NA,NA,NA,NA,NA,NA,NA,NA,81180.59,-226915.79,1,"S",81.18059,-226.91579,0,0,0,0
"110",109,"Sky-H7-6",313.3397377,-51.471413718,NA,NA,NA,NA,NA,NA,NA,NA,NA,NA,NA,NA,NA,NA,NA,NA,NA,NA,71624.44,-235342.17,0,"S",71.62444,-235.34217,0,0,0,0
"111",110,"Sky-H7-7",313.2559358,-51.47711917,NA,NA,NA,NA,NA,NA,NA,NA,NA,NA,NA,NA,NA,NA,NA,NA,NA,NA,58994.28,-233668.01,1,"S",58.99428,-233.66801,0,0,0,0
"112",111,"Sky-H7-8",313.1777983,-51.474086867,NA,NA,NA,NA,NA,NA,NA,NA,NA,NA,NA,NA,NA,NA,NA,NA,NA,NA,47288.89,-234274.97,2,"S",47.28889,-234.27497,0,0,0,0
