,Unnamed: 0,CATID,RA,DEC,Re,z,Mstar,GAL_MAG_G,GAL_MAG_R,GAL_MAG_I,GAL_MAG_Z,GAL_MU_E_R,GAL_MAG_U,GAL_MU_E_U,GAL_MU_0_U,GAL_MU_E_G,GAL_MU_0_G,GAL_MU_0_R,GAL_MU_E_I,GAL_MU_0_I,GAL_MU_E_Z,GAL_MU_0_Z,Ellipticity_r,SersicIndex_r,MassHIpred,WALLABYflag,Dingoflag,g_m_i,IFU_diam_2Re,GAL_MU_R_at_2Re,GAL_MU_R_at_3Re
1913,7566,2810,338.9199962652473,1.4848846496396906,12.794976234436035,0.0579801110273427,11.671274459288632,14.881593704223633,13.848125457763672,13.342684745788574,13.04152011871338,20.58149407371466,,,,,,,,,,,,,,,,1.5389089584350586,51.17990493774414,,
1929,7597,1621,340.02175925629365,-0.8077068754215624,4.566993236541748,0.05319816,11.323879511507531,15.302247047424316,14.31118106842041,13.88648796081543,13.581920623779297,18.85507052266336,,,,,,,,,,,,,,,,1.4157590866088867,18.267972946166992,,
1931,7606,5431,337.05272088891263,0.5432002798389957,7.61170482635498,0.05838219,11.389184160653626,15.323121070861816,14.345022201538086,13.824637413024902,13.615433692932127,19.882143581254965,,,,,,,,,,,,,,,,1.498483657836914,30.44681930541992,,
1940,7624,762,336.876692100546,-2.3389473956729336,4.784624099731445,0.0538372449649817,11.256534277694673,15.37742805480957,14.42928695678711,14.001269340515137,13.736620903015137,19.062692755565017,,,,,,,,,,,,,,,,1.3761587142944336,19.13849639892578,,
1952,7647,2628,340.8373117536684,0.4733774761712195,7.574594020843506,0.05790814,11.170173188601058,15.433460235595703,14.51508903503418,14.328985214233398,13.834416389465332,20.356289069503976,,,,,,,,,,,,,,,,1.104475021362305,30.298376083374023,,
1955,7659,4079,336.610796538609,-1.477747608722388,25.114229202270508,0.0570094395103161,10.416710597474696,15.230419158935549,14.561613082885742,15.31790542602539,14.059840202331545,23.80731331221126,,,,,,,,,,,,,,,,-0.0874862670898437,100.45691680908205,,
1973,7689,1314,340.8038023546643,-1.567484107177841,3.8203940391540527,0.0596012325300058,11.302359651806912,15.643969535827637,14.653190612792969,14.203949928283691,13.907365798950195,18.78215864731136,,,,,,,,,,,,,,,,1.440019607543945,15.281576156616213,,
1974,7691,5653,339.6694079759164,0.1009646358083711,4.92022705078125,0.05904167,11.314041272057873,15.652854919433594,14.655149459838867,14.166082382202148,13.903804779052734,19.2999340400002,,,,,,,,,,,,,,,,1.486772537231445,19.680908203125,,
1977,7695,1071,333.05143159367657,-1.0850462768466431,8.922504425048828,0.0559587126104419,11.224998352464173,15.675284385681152,14.6629638671875,14.160677909851074,13.900357246398926,20.56597962334244,,,,,,,,,,,,,,,,1.514606475830078,35.69001770019531,,
1994,7722,38,335.9681286666057,-0.8714736987440728,11.073545455932615,0.053084985568253,10.63537700106134,15.52722454071045,14.733781814575195,15.016098022460938,14.09966278076172,21.794392946119245,,,,,,,,,,,,,,,,0.5111265182495117,44.29418182373047,,
1998,7726,2007,338.8413191626312,1.2054658922621355,4.832804203033447,0.0585250693163347,11.212432316080534,15.740910530090332,14.741506576538086,14.354942321777344,14.003803253173828,19.446205965219505,,,,,,,,,,,,,,,,1.3859682083129885,19.33121681213379,,
2000,7729,2340,339.8501381593229,-1.0377916303719847,4.362244129180908,0.0523459372416227,11.105923268432734,15.68476104736328,14.747356414794922,14.265439987182615,14.046454429626465,19.10265746420854,,,,,,,,,,,,,,,,1.419321060180664,17.448976516723633,,
2010,7751,6019,341.4364311144425,1.0910806628737193,4.504427909851074,0.05803369,11.185686143816689,15.779974937438965,14.799830436706545,14.370993614196776,14.064024925231934,19.29545093718081,,,,,,,,,,,,,,,,1.4089813232421875,18.017711639404297,,
2017,7766,3448,336.4987900389618,-2.230343018609612,4.261563777923584,0.0567025605427338,11.218481377784316,15.777533531188965,14.831587791442873,14.223210334777832,14.104576110839844,19.026502839297223,,,,,,,,,,,,,,,,1.5543231964111328,17.046255111694336,,
2034,7801,4773,335.38512873310594,0.2792704267138775,4.849225044250488,0.05778597,11.097171699195854,15.919618606567385,14.899632453918455,14.634817123413086,14.172337532043455,19.7269490788666,,,,,,,,,,,,,,,,1.2848014831542969,19.396900177001957,,
2037,7812,3791,340.74040335976434,-0.268900520384296,30.306909561157227,0.05922871,10.307049484748996,15.629722595214844,14.921356201171877,15.879926681518556,14.390713691711426,24.81975523370744,,,,,,,,,,,,,,,,-0.2502040863037109,121.2276382446289,,
2046,7830,4074,334.0127713223563,-1.9606974647514517,4.978660106658936,0.0570894948931637,10.997473213170991,15.912264823913574,14.950855255126951,14.69582176208496,14.23637580871582,19.83182681164761,,,,,,,,,,,,,,,,1.2164430618286133,19.914640426635746,,
2048,7832,7658,340.7650461094622,-0.1435718725084526,5.243556022644043,0.0552066218271752,10.978601989625584,15.895057678222656,14.951242446899414,14.719030380249023,14.245083808898926,19.962880960389608,,,,,,,,,,,,,,,,1.1760272979736328,20.97422409057617,,
2049,7833,1059,340.0006378477677,-0.8291934026257204,13.96653175354004,0.05349533,10.620578993079285,15.82069969177246,14.95195198059082,15.24362087249756,14.303261756896973,22.562888660787827,,,,,,,,,,,,,,,,0.5770788192749023,55.86612701416016,,
2056,7847,2501,343.77833238503314,0.9777702265287812,2.716681957244873,0.0533015,10.938633973779414,15.711858749389648,14.96318244934082,14.421424865722656,14.36699676513672,18.19439210671335,,,,,,,,,,,,,,,,1.2904338836669922,10.866727828979492,,
2060,7859,6386,337.6895490300846,-1.1575839055788502,7.916028022766113,0.0565277189952084,11.10336729540677,15.95970630645752,14.987326622009276,14.46843147277832,14.248180389404297,20.617335925651872,,,,,,,,,,,,,,,,1.4912748336791992,31.664112091064453,,
2063,7868,54,336.3805374377297,-2.1196974903610637,4.64578104019165,0.0577266023149921,11.087420285442825,15.979191780090332,14.997119903564451,14.59948444366455,14.27193832397461,19.54815051525148,,,,,,,,,,,,,,,,1.3797073364257812,18.5831241607666,,
2074,7896,3844,340.14565995268345,-0.7334345036949909,3.337794065475464,0.0536564045372717,10.973204507364333,15.993559837341309,15.035752296447754,14.70131778717041,14.324840545654297,18.97159205026525,,,,,,,,,,,,,,,,1.2922420501708984,13.351176261901855,,
2079,7904,674,343.2702872682993,0.4081443134865986,4.838284015655518,0.05370074,11.117498109089125,16.042560577392578,15.044135093688965,14.425891876220703,14.276299476623535,19.52561492206492,,,,,,,,,,,,,,,,1.616668701171875,19.35313606262207,,
2081,7909,6198,339.91675209049515,-1.407116252102153,3.847515106201172,0.0579100625673511,11.144829637144884,16.018999099731445,15.049724578857422,14.430177688598633,14.333456993103027,19.006143407754227,,,,,,,,,,,,,,,,1.5888214111328125,15.390060424804688,,
2085,7913,1636,338.1306393046996,0.6875953076533577,4.52550220489502,0.05917903,11.048560812053855,16.012741088867188,15.05804443359375,14.695526123046877,14.362096786499023,19.622011961108196,,,,,,,,,,,,,,,,1.3172149658203125,18.10200881958008,,
2087,7918,3248,337.5550613687434,0.2284210955129134,12.32059097290039,0.05480266,10.480204884893118,15.752161026000977,15.069432258605955,15.234743118286133,14.526394844055176,22.200467920071866,,,,,,,,,,,,,,,,0.5174179077148438,49.28236389160156,,
2089,7920,5754,339.8005187981715,-1.4237712793377664,2.399369955062866,0.0575498133445371,11.006927232112131,16.005638122558594,15.073691368103027,14.689959526062012,14.380494117736816,18.23487344334357,,,,,,,,,,,,,,,,1.315678596496582,9.597479820251465,,
2091,7923,5913,337.6134261031911,-1.913049742209776,8.199913024902344,0.055768581076179,10.75504844726834,15.94637966156006,15.078081130981444,14.830784797668455,14.377813339233398,20.97910669471985,,,,,,,,,,,,,,,,1.1155948638916016,32.799652099609375,,
2098,7937,6644,337.2809218210687,0.1209431687225224,4.820744037628174,0.05781103,11.115072922478912,16.07365608215332,15.09525203704834,14.54607105255127,14.34602165222168,19.632677719291173,,,,,,,,,,,,,,,,1.5275850296020508,19.28297615051269,,
2103,7943,1297,340.3624020586007,-1.5733741280242064,5.138469219207764,0.0589607894672253,11.121107582088202,16.09960174560547,15.102867126464844,14.569066047668455,14.36143970489502,19.787725126652266,,,,,,,,,,,,,,,,1.5305356979370115,20.55387687683105,,
2107,7961,5698,336.3945301487528,0.062582161428606,11.530224800109863,0.05815666,10.505124143616172,15.880146980285645,15.125056266784668,15.414461135864258,14.504761695861816,22.26631984155825,,,,,,,,,,,,,,,,0.4656858444213867,46.12089920043945,,
2108,7965,4825,340.760855199759,-0.2310918109047629,3.782569885253906,0.0576784362879846,10.9924493123851,16.078794479370117,15.130510330200195,14.785378456115724,14.431158065795898,19.319996130348827,,,,,,,,,,,,,,,,1.2934160232543943,15.130279541015623,,
2114,7977,3756,339.97903757245024,-0.9886061269376698,6.42508602142334,0.0531773521039524,11.099762188866002,16.10262107849121,15.143377304077148,14.328609466552734,14.400864601135254,20.0108498892743,,,,,,,,,,,,,,,,1.7740116119384766,25.70034408569336,,
2119,7984,5735,339.90103121565704,-0.6913102528607882,9.214111328125,0.05276632,10.69534949500536,16.0355167388916,15.153450012207031,14.863100051879885,14.467345237731934,21.250038427084668,,,,,,,,,,,,,,,,1.1724166870117188,36.8564453125,,
2125,7997,2627,340.83201070851555,0.4589245583324059,3.130765914916992,0.05750832,11.074360789257373,16.145816802978516,15.167229652404783,14.67004108428955,14.434810638427734,18.805334247597493,,,,,,,,,,,,,,,,1.4757757186889648,12.523063659667969,,
2131,8005,5400,338.9236862651588,1.3308953157399208,5.906136989593506,0.0600248589309074,11.065183950231622,16.19935417175293,15.184514999389648,14.82712745666504,14.401239395141602,20.367692318028443,,,,,,,,,,,,,,,,1.3722267150878906,23.624547958374023,,
2132,8008,3364,338.3260442963877,0.4754633306672865,5.571164131164551,0.05519573,10.781434148297189,16.032121658325195,15.18637466430664,14.920490264892578,14.537199020385742,20.24536197858444,,,,,,,,,,,,,,,,1.1116313934326172,22.284656524658203,,
2134,8010,5794,337.73818022154285,-1.1767417403434348,4.337204933166504,0.0582780397422308,11.091003615895048,16.204998016357422,15.191441535949709,14.59984302520752,14.44883918762207,19.437141255001567,,,,,,,,,,,,,,,,1.6051549911499023,17.348819732666016,,
2151,8047,1231,340.8112135252062,0.4158152297029434,3.479835033416748,0.05890745,11.04371018593367,16.193885803222656,15.228438377380373,14.819865226745604,14.500884056091309,19.234571084084624,,,,,,,,,,,,,,,,1.3740205764770508,13.919340133666992,,
2152,8048,223,338.75333020376183,1.3899893432107184,3.1931729316711426,0.0588699989020824,11.138283768060388,16.284000396728516,15.23018741607666,14.718119621276855,14.392189025878906,18.955874732901297,,,,,,,,,,,,,,,,1.5658807754516602,12.77269172668457,,
2153,8051,1220,338.3093202130392,-0.829239502001737,3.670303106307984,0.058580912303166,10.987692232485951,16.207719802856445,15.231559753417969,14.853775024414062,14.510868072509766,19.33163359041226,,,,,,,,,,,,,,,,1.3539447784423828,14.681212425231934,,
2156,8054,1512,338.98719686849057,1.6839730017184538,4.1650800704956055,0.0598084662475992,11.117809832014617,16.271108627319336,15.233888626098633,14.804741859436035,14.428285598754885,19.610507446966608,,,,,,,,,,,,,,,,1.4663667678833008,16.660320281982422,,
2158,8056,7025,341.09887157656993,-0.8844435036143907,2.839550018310547,0.0604160620263889,10.945002862992922,16.156686782836914,15.238492012023926,14.949355125427246,14.570508003234863,18.854334280105544,,,,,,,,,,,,,,,,1.207331657409668,11.358200073242188,,
2159,8057,1854,336.50732449871373,0.6809851907248955,3.4522359371185303,0.06716038,11.167758853791184,16.27373504638672,15.238825798034668,14.902466773986816,14.461204528808594,19.27520060544494,,,,,,,,,,,,,,,,1.3712682723999023,13.80894374847412,,
2170,8075,4344,338.22106978192795,-0.9734947128490268,2.907025098800659,0.05705118,10.967211387374109,16.24703598022461,15.272177696228027,14.872088432312012,14.539581298828123,18.854447278397227,,,,,,,,,,,,,,,,1.3749475479125977,11.628100395202637,,
2171,8078,3717,329.03815496801093,-1.9296215736337932,13.675951957702637,0.053780539068798,10.615368998688954,16.225799560546875,15.274125099182127,15.421408653259276,14.514445304870604,22.724632042397072,,,,,,,,,,,,,,,,0.8043909072875977,54.70380783081055,,
2173,8081,91,338.82498354677983,1.1301208590105238,23.140180587768555,0.0586049549767541,10.190494373222776,15.949456214904783,15.275025367736816,16.0490779876709,14.766468048095703,24.38886039401749,,,,,,,,,,,,,,,,-0.0996217727661132,92.56072235107422,,
2179,8100,1114,339.23676315710964,1.4193591922599345,3.3461880683898926,0.0595000013709068,10.966943075296696,16.258010864257812,15.29209327697754,14.922589302062988,14.573519706726074,19.205177385221216,,,,,,,,,,,,,,,,1.3354215621948242,13.38475227355957,,
2180,8102,3549,340.9873738525687,1.000480154716868,3.741786003112793,0.0580857,11.065085855758126,16.267606735229492,15.292719841003418,14.667526245117188,14.561483383178713,19.197556216392652,,,,,,,,,,,,,,,,1.600080490112305,14.967144012451172,,
2189,8116,5776,341.88338795413,2.104618119919526,22.448617935180664,0.05898418,10.532865133975678,16.20256805419922,15.303380966186523,15.782026290893556,14.578301429748535,24.16176179598913,,,,,,,,,,,,,,,,0.420541763305664,89.79447174072266,,
2192,8125,6607,340.64686477123905,1.123401777020811,3.2148070335388184,0.05725907,11.040645171195122,16.360105514526367,15.310182571411133,14.894010543823242,14.504301071166992,19.12221707909688,,,,,,,,,,,,,,,,1.466094970703125,12.859228134155272,,
2194,8127,5736,338.97111734905184,-0.4336461425898123,3.151802062988281,0.057946654362256,11.01821466517372,16.31891441345215,15.31143569946289,14.795645713806152,14.564971923828123,18.955430253765847,,,,,,,,,,,,,,,,1.523268699645996,12.607208251953123,,
2195,8131,5587,339.0860234894686,1.5782834170149656,5.87656307220459,0.0573000013828277,10.82168670280176,16.259082794189453,15.314569473266602,15.106508255004885,14.59605884552002,20.60130907317802,,,,,,,,,,,,,,,,1.1525745391845703,23.50625228881836,,
2200,8144,3502,336.5035340833591,-2.2269023854004475,3.644473075866699,0.0563556538837277,11.000514183826546,16.335384368896484,15.327749252319336,14.861818313598633,14.56365966796875,19.347946300698176,,,,,,,,,,,,,,,,1.4735660552978516,14.577892303466797,,
2207,8163,1594,339.7498005538051,-1.0598201230016062,5.635447025299072,0.05190848,10.692770700064717,16.238075256347656,15.341814994812012,15.08481502532959,14.683672904968262,20.446826842742773,,,,,,,,,,,,,,,,1.1532602310180664,22.54178810119629,,
2209,8167,2776,339.019942039471,1.4825207197523305,5.080482006072998,0.0615300014615058,11.0035582158508,16.341028213500977,15.35162353515625,14.998677253723145,14.60244369506836,20.20413716916288,,,,,,,,,,,,,,,,1.342350959777832,20.321928024291992,,
2213,8177,7111,340.02972974929634,-0.8924278386583575,3.909259080886841,0.0536943537643948,10.802298320227894,16.30691146850586,15.35988712310791,15.044002532958984,14.671067237854004,19.635851604009083,,,,,,,,,,,,,,,,1.262908935546875,15.637036323547363,,
2214,8178,5374,337.2906496105981,0.0788807143333343,3.353956937789917,0.05684426,11.00080176146902,16.348003387451172,15.362074851989746,14.72923755645752,14.620734214782717,19.02180039890436,,,,,,,,,,,,,,,,1.6187658309936523,13.415827751159668,,
2219,8192,2430,328.9645191470633,-1.5272718774141945,2.5474770069122314,0.0500379499206747,10.777817180885458,16.29524803161621,15.376846313476562,15.036673545837402,14.68256664276123,18.719610204206127,,,,,,,,,,,,,,,,1.2585744857788086,10.189908027648926,,
2220,8193,3562,339.8171650333109,-0.9930935849334273,4.183428764343262,0.05214458,10.864268073062696,16.30390167236328,15.37716293334961,14.82458782196045,14.686142921447754,19.56601546980105,,,,,,,,,,,,,,,,1.479313850402832,16.733715057373047,,
2226,8214,150,337.2352703231572,0.1391308326027445,3.322746992111206,0.05852771,10.928415061766009,16.368215560913086,15.396285057067873,14.991485595703123,14.66732692718506,19.262553394074533,,,,,,,,,,,,,,,,1.376729965209961,13.290987968444824,,
2234,8230,2839,340.97872849197336,0.2098220759514351,13.340596199035645,0.05718628,10.375473692190797,16.110750198364258,15.412476539611816,15.470854759216309,14.847867012023926,22.59516841768066,,,,,,,,,,,,,,,,0.6398954391479492,53.36238479614258,,
2243,8256,1284,334.2322107528388,0.6710512909121327,14.811517715454102,0.05727332,10.278698807265815,16.14280891418457,15.433388710021973,15.819645881652832,14.891828536987305,23.18199691364153,,,,,,,,,,,,,,,,0.3231630325317383,59.246070861816406,,
2247,8261,4772,331.4093353570181,-1.4312334397285316,7.38333797454834,0.0642711298627799,10.953515458565665,16.516372680664062,15.43849754333496,15.40467643737793,14.602445602416992,21.4568953839426,,,,,,,,,,,,,,,,1.1116962432861328,29.53335189819336,,
2253,8273,1913,336.35570200331745,-2.0567475859799296,2.6835219860076904,0.0567025605427338,10.824249648403388,16.3769474029541,15.447184562683104,15.124232292175291,14.762877464294434,18.91307664870429,,,,,,,,,,,,,,,,1.2527151107788086,10.734087944030762,,
2257,8280,3900,334.05055271774177,1.2582554368980114,7.205405235290527,0.05813182,10.540184864824417,16.218053817749023,15.452088356018066,15.481704711914062,14.887478828430176,21.333217326037666,,,,,,,,,,,,,,,,0.7363491058349609,28.82162094116211,,
2259,8286,4766,338.2504449958115,0.5206848214115053,4.599435806274414,0.05553861,10.798389343035709,16.44465446472168,15.458439826965332,15.113134384155272,14.703506469726562,20.06928449199677,,,,,,,,,,,,,,,,1.3315200805664062,18.397743225097656,,
2260,8287,386,340.6611983402631,1.1454408375649212,3.3471779823303223,0.05783694,10.945548735705067,16.44782066345215,15.458524703979492,15.033082008361816,14.70741081237793,19.32385881528555,,,,,,,,,,,,,,,,1.414738655090332,13.388711929321287,,
2270,8310,1230,340.8015077067859,0.4265616977293652,2.8515849113464355,0.05955888,10.835469063617882,16.381174087524414,15.478976249694824,15.150853157043455,14.81439208984375,19.05373903756283,,,,,,,,,,,,,,,,1.230320930480957,11.406339645385742,,
2279,8331,2506,330.7237688700812,-0.7845947583122723,4.796029090881348,0.063523946289536,10.952286168900448,16.543045043945312,15.512624740600586,15.226038932800291,14.728593826293944,20.30693548151853,,,,,,,,,,,,,,,,1.3170061111450195,19.18411636352539,,
2280,8335,5675,338.8666267025733,1.5936437513912334,3.840466022491455,0.0602445345827674,10.988012164470838,16.539098739624023,15.515265464782717,15.111836433410645,14.72277545928955,19.738460890097414,,,,,,,,,,,,,,,,1.427262306213379,15.36186408996582,,
2288,8346,1007,340.0683523462905,-0.3361457445973993,10.476896286010742,0.056883505139442,10.534291006870564,16.15949249267578,15.519556999206545,15.083621978759766,15.00353717803955,21.69118393956933,,,,,,,,,,,,,,,,1.0758705139160156,41.90758514404297,,
2289,8349,258,338.38564368259046,-0.8687321475324394,12.502541542053224,0.0595606,10.530348898396008,16.407882690429688,15.520974159240724,15.762178421020508,14.851207733154297,22.894564668783183,,,,,,,,,,,,,,,,0.6457042694091797,50.01016616821289,,
2292,8352,4604,339.48460540365625,-0.9769036586216946,3.941428899765015,0.0529922149287374,10.9275831123595,16.511640548706055,15.522388458251951,14.623132705688477,14.771751403808594,19.22935906918797,,,,,,,,,,,,,,,,1.888507843017578,15.76571559906006,,
2293,8353,970,338.511088768868,1.9163799322355688,3.975620985031128,0.0603599995374679,10.954351179339504,16.509693145751953,15.522457122802734,14.86192512512207,14.76144790649414,19.51676169784559,,,,,,,,,,,,,,,,1.6477680206298828,15.902483940124512,,
2297,8367,5725,340.8580887438967,0.2986379700699017,4.582475185394287,0.05885089,10.89944871095029,16.485898971557617,15.53300952911377,15.0602445602417,14.81423568725586,20.01864544803754,,,,,,,,,,,,,,,,1.425654411315918,18.32990074157715,,
2298,8368,437,339.9694875416409,-0.854916847730482,5.70808219909668,0.0545232155495804,10.82138347960502,16.576068878173828,15.533492088317873,15.247790336608888,14.718802452087402,20.71794223711584,,,,,,,,,,,,,,,,1.3282785415649414,22.83232879638672,,
2304,8375,7239,339.97358168230534,-0.6400781312398489,5.478501796722412,0.05186154,10.638423737526738,16.465242385864258,15.540271759033203,15.13330364227295,14.849319458007812,20.43030336797901,,,,,,,,,,,,,,,,1.3319387435913086,21.91400718688965,,
2308,8382,983,340.24271129071474,-0.8317466324632008,4.514130115509033,0.0575214910327529,10.894418631788731,16.535049438476562,15.548447608947754,15.07232666015625,14.821986198425291,20.0025423797376,,,,,,,,,,,,,,,,1.4627227783203125,18.056520462036133,,
2310,8386,1826,338.45467825834123,1.9532769371175085,4.333035945892334,0.0601699985563755,10.83097883188772,16.493518829345703,15.549981117248535,15.187702178955078,14.837989807128906,20.024652608314145,,,,,,,,,,,,,,,,1.305816650390625,17.332143783569336,,
2315,8406,5512,339.9413737518395,-0.9331865472309038,5.614367961883545,0.05476487,10.595215890060167,16.481630325317383,15.568970680236816,15.590319633483888,14.900147438049316,20.973487015917545,,,,,,,,,,,,,,,,0.8913106918334961,22.45747184753418,,
2317,8411,5811,343.3873643759071,-0.4118997046206347,3.654630899429321,0.0586200517869572,10.644303161583272,16.55962371826172,15.57181167602539,15.3677396774292,14.958921432495115,19.73006496989349,,,,,,,,,,,,,,,,1.1918840408325195,14.618523597717283,,
2319,8418,4101,338.7936093243473,1.2813722570528774,4.427933216094971,0.0562694634062363,10.86976474477902,16.60931396484375,15.577618598937988,15.25699520111084,14.796989440917969,20.18797796866273,,,,,,,,,,,,,,,,1.3523187637329102,17.711732864379883,,
2320,8420,991,338.6350663754904,1.4157453572420924,7.898904800415039,0.0593600012362003,10.716092946514024,16.535608291625977,15.57889175415039,15.539216995239258,14.810897827148438,21.69466305175351,,,,,,,,,,,,,,,,0.9963912963867188,31.59561920166016,,
2328,8440,6615,336.7549557718655,-0.6575317075675868,3.169735908508301,0.05624899,10.860323395641736,16.58567237854004,15.592101097106934,15.203853607177734,14.817209243774414,19.39799065295398,,,,,,,,,,,,,,,,1.381818771362305,12.678943634033203,,
2329,8451,4710,340.13889234926984,-0.2128476332640432,5.432501792907715,0.0571224091170788,10.865684940611866,16.56502342224121,15.604464530944824,14.99205493927002,14.880330085754396,20.296852802605,,,,,,,,,,,,,,,,1.5729684829711914,21.73000717163086,,
2334,8467,1770,340.58124005433694,-0.8067304179702746,4.151961803436279,0.05347245,10.421262983671555,16.380390167236328,15.62544059753418,15.583600044250488,15.10578441619873,20.24312465985047,,,,,,,,,,,,,,,,0.7967901229858398,16.607847213745117,,
2339,8480,6243,338.8913355867877,1.8596422308140457,11.37271785736084,0.0556499995291233,10.638596712221172,16.64112663269043,15.635720252990724,15.614611625671388,14.86732006072998,22.56254405964893,,,,,,,,,,,,,,,,1.026515007019043,45.49087142944336,,
2342,8486,3357,339.7200185611396,-1.2448171068870817,11.651904106140137,0.05351482,10.326181130938092,16.412630081176758,15.642882347106934,15.614789009094238,15.003575325012209,22.48900466027893,,,,,,,,,,,,,,,,0.7978410720825195,46.60761642456055,,
2345,8492,4886,328.3082023520174,-2.1933846227952545,6.655630111694336,0.0538906152202134,10.714401975788704,16.660465240478516,15.655162811279297,15.489285469055176,14.848088264465332,21.28621448464953,,,,,,,,,,,,,,,,1.1711797714233398,26.622520446777344,,
2352,8502,5109,337.6110982176401,-2.4186508104912265,2.5289299488067627,0.0539873488078209,9.927519322550818,16.619985580444336,15.663482666015623,16.054954528808594,14.954395294189451,18.99965748793608,,,,,,,,,,,,,,,,0.5650310516357422,10.11571979522705,,
2353,8503,4040,338.96833297062085,1.532394075162567,5.390606880187988,0.0563799999654293,10.745283311105124,16.691307067871094,15.663951873779297,15.382917404174805,14.88747787475586,20.69905855539903,,,,,,,,,,,,,,,,1.308389663696289,21.562427520751957,,
2361,8523,4741,337.7663428331407,0.2777069670329303,2.310333013534546,0.0559638,10.853360137439957,16.677309036254883,15.682790756225586,14.991847038269045,14.924886703491213,18.45536495714164,,,,,,,,,,,,,,,,1.6854619979858398,9.241332054138184,,
2362,8524,1730,338.9539029371111,1.44765729844687,3.7539780139923096,0.0623964996477663,10.88109467043507,16.638599395751953,15.682844161987305,15.27500057220459,14.923352241516112,19.823519455084952,,,,,,,,,,,,,,,,1.3635988235473633,15.015912055969238,,
2364,8530,4955,342.2755135745194,0.0826448173187513,11.197860717773438,0.05795856,10.291980719934015,16.456514358520508,15.686241149902344,16.031911849975586,15.086463928222656,22.846656601456164,,,,,,,,,,,,,,,,0.4246025085449219,44.79144287109375,,
2367,8533,1951,340.9726443713042,-2.294284765004492,2.894723892211914,0.0593610663814631,10.89232502615241,16.684741973876953,15.688167572021484,15.243246078491213,14.906044006347656,19.227194246487496,,,,,,,,,,,,,,,,1.4414958953857422,11.578895568847656,,
2369,8537,5605,336.0157964952267,0.3135577320824403,4.365177154541016,0.05784345,10.813548189761589,16.678386688232422,15.691033363342283,15.33741855621338,14.962204933166504,20.202879510378377,,,,,,,,,,,,,,,,1.340968132019043,17.460708618164062,,
2370,8540,347,337.79699166871006,0.1382040695063747,3.3089189529418945,0.05505434,10.695071732148053,16.625926971435547,15.694355010986328,15.366898536682127,15.007702827453612,19.610773638687665,,,,,,,,,,,,,,,,1.259028434753418,13.235675811767578,,
2372,8544,3420,339.82669134676064,-1.007318002554005,8.198884010314941,0.0529236687744493,10.692060089933058,16.71331024169922,15.70452880859375,15.555912971496582,14.897991180419922,21.82691290528314,,,,,,,,,,,,,,,,1.1573972702026367,32.795536041259766,,
2375,8554,526,336.8652912058725,-0.6052077693456905,5.325203895568848,0.05873945,10.80840018820613,16.734169006347656,15.71553897857666,15.483074188232422,14.92949676513672,20.80673724525118,,,,,,,,,,,,,,,,1.2510948181152344,21.30081558227539,,
2376,8560,5695,336.83458399933903,-0.669773898463585,3.550431966781616,0.05822938,10.750639888211197,16.693992614746094,15.718708038330078,15.34447956085205,15.012555122375488,19.729626497854824,,,,,,,,,,,,,,,,1.349513053894043,14.201727867126465,,
2377,8562,3838,337.1146719269913,-1.5059505956286643,13.096275329589844,0.0579342134617632,10.618967744126042,16.67180061340332,15.7199125289917,15.77653694152832,14.911165237426758,23.0492595707334,,,,,,,,,,,,,,,,0.895263671875,52.385101318359375,,
2378,8564,2183,329.1874381398351,-1.7786245888099137,4.080720901489258,0.053780539068798,10.778595567660078,16.78014373779297,15.721029281616213,15.419063568115234,14.921917915344238,20.174474526484733,,,,,,,,,,,,,,,,1.3610801696777344,16.32288360595703,,
2381,8569,3237,337.10046235279907,-1.519055455830171,3.2786200046539307,0.0585304917844197,10.758603693955171,16.672834396362305,15.724881172180176,15.374361991882324,15.02841567993164,19.60258296485909,,,,,,,,,,,,,,,,1.2984724044799805,13.114480018615724,,
2383,8574,1647,340.03016746011593,-0.3106584934794897,3.094475030899048,0.05514162,10.618015310866909,16.569198608398438,15.728863716125488,15.375927925109863,15.110331535339355,19.43295788040445,,,,,,,,,,,,,,,,1.1932706832885742,12.377900123596191,,
2386,8578,777,336.13350397556485,0.153988870829713,16.831768035888672,0.05750556,10.313801589461123,16.584787368774414,15.732951164245604,16.169050216674805,15.090927124023438,23.89253581970874,,,,,,,,,,,,,,,,0.4157371520996094,67.32707214355469,,
2388,8580,7037,336.4070806112511,-1.880902479208636,3.330332040786743,0.0553316121114694,10.798819396404044,16.69643211364746,15.735861778259276,15.205154418945312,15.010675430297852,19.476683629442743,,,,,,,,,,,,,,,,1.4912776947021484,13.321328163146973,,
2390,8589,3900,341.0054207910644,0.7525971283683706,2.49197006225586,0.05747048,10.834059215302544,16.739990234375,15.74307918548584,15.268779754638672,15.008124351501465,18.91333006404355,,,,,,,,,,,,,,,,1.471210479736328,9.967880249023438,,
2392,8597,5522,333.08507283739766,-0.9426802103198648,2.81925106048584,0.0559887333790098,10.778855531734605,16.756397247314453,15.749284744262695,15.36326026916504,14.990384101867676,19.287468729420667,,,,,,,,,,,,,,,,1.393136978149414,11.27700424194336,,
2396,8610,1549,339.045176032883,1.690235482863981,3.147653102874756,0.0604836093616342,10.92023070751849,16.798246383666992,15.762910842895508,15.290533065795898,14.970078468322754,19.48460286071987,,,,,,,,,,,,,,,,1.5077133178710938,12.590612411499023,,
2399,8618,1960,338.9110319931762,1.4529762673837372,2.472286939620972,0.056128830298993,10.764243859271843,16.743900299072266,15.77468204498291,15.36526584625244,15.040741920471191,19.00474337578635,,,,,,,,,,,,,,,,1.3786344528198242,9.889147758483888,,
2402,8622,6854,336.9092975651568,-1.6491390567896675,2.32354998588562,0.0599047758566361,10.799604958006688,16.749011993408203,15.787386894226074,15.33263111114502,15.084747314453123,18.80508104676952,,,,,,,,,,,,,,,,1.4163808822631836,9.29419994354248,,
2403,8623,215,341.5912822418398,-1.8646743751229609,2.5214040279388428,0.0635639739809598,10.864986746890674,16.769058227539062,15.790735244750977,15.41684341430664,15.064900398254396,19.085758867332743,,,,,,,,,,,,,,,,1.352214813232422,10.085616111755373,,
2408,8641,8237,335.0442307813912,0.3729231073810562,3.771368980407715,0.06099652,10.862994917414246,16.759611129760742,15.807740211486816,15.17274284362793,15.08194065093994,19.70669724342225,,,,,,,,,,,,,,,,1.5868682861328125,15.08547592163086,,
2410,8644,1016,342.95629665594043,-0.8304341492366046,6.2583909034729,0.06745239,11.115426734184116,16.968217849731445,15.811847686767578,15.178058624267578,14.887602806091309,20.8956612104625,,,,,,,,,,,,,,,,1.7901592254638672,25.0335636138916,,
2411,8647,4466,338.97622530124823,1.5459208888442637,2.474236011505127,0.0608900003135204,10.939972117944883,16.89219856262207,15.813380241394045,15.367712020874023,14.96465301513672,19.06349769622896,,,,,,,,,,,,,,,,1.5244865417480469,9.896944046020508,,
2412,8648,205,340.74054438775784,-2.365296825243301,2.452955961227417,0.060461827895617,10.77422450154696,16.764739990234375,15.813909530639648,15.42712116241455,15.114577293395996,19.037113347279654,,,,,,,,,,,,,,,,1.3376188278198242,9.811823844909668,,
2414,8658,5482,330.00328161944867,-1.6337621132505311,2.329590082168579,0.0500679706892426,10.672671033429848,16.809295654296875,15.824577331542969,15.382718086242676,15.082487106323242,18.88647742544257,,,,,,,,,,,,,,,,1.4265775680541992,9.318360328674316,,
2416,8663,6310,336.36658104398765,0.0949200207327632,4.065291881561279,0.05797664,10.84410590769446,16.89131736755371,15.8345947265625,15.393033981323242,15.022798538208008,20.140628267160707,,,,,,,,,,,,,,,,1.4982833862304688,16.261167526245117,,
2417,8668,6682,339.35746019270306,-0.9104298015850566,2.391439914703369,0.05258193,10.638388368691892,16.78464698791504,15.838171005249023,15.46144199371338,15.14467430114746,18.99519132936147,,,,,,,,,,,,,,,,1.3232049942016602,9.565759658813477,,
2419,8679,4888,338.1513388215269,-0.9599284296326174,2.9284780025482178,0.0570490536037427,10.68862963390111,16.809572219848633,15.85323429107666,15.528925895690918,15.136114120483398,19.51863040326925,,,,,,,,,,,,,,,,1.2806463241577148,11.713912010192873,,
2421,8682,1800,341.05691777083604,-2.0539255894416404,2.4923949241638184,0.0615325686412031,10.801175143606924,16.840484619140625,15.857172012329102,15.483187675476074,15.131329536437988,19.1171132616311,,,,,,,,,,,,,,,,1.3572969436645508,9.969579696655272,,
2422,8685,1495,337.0683690138304,-1.5770005702437893,11.70169734954834,0.05722584,10.637313966088367,16.905149459838867,15.861713409423828,15.86433219909668,15.03307056427002,22.909072068013607,,,,,,,,,,,,,,,,1.0408172607421875,46.80678939819336,,
2423,8689,8127,336.9314670673191,-1.1375489419961875,3.879270076751709,0.05704003,10.601295866083118,16.78828239440918,15.866437911987305,15.620046615600586,15.19807243347168,20.19461655478123,,,,,,,,,,,,,,,,1.1682357788085938,15.517080307006836,,
2433,8718,5328,337.96386296297845,-0.9506593825760464,2.531611919403076,0.05909465,10.62736288366,16.795263290405273,15.910380363464355,15.558456420898438,15.249774932861328,19.191123310527235,,,,,,,,,,,,,,,,1.236806869506836,10.126447677612305,,
2439,8733,7165,338.7766358492631,0.8672304697160277,4.740042209625244,0.05979847,10.62622582610896,16.888689041137695,15.929048538208008,15.71690845489502,15.227142333984377,20.74239691774312,,,,,,,,,,,,,,,,1.1717805862426758,18.960168838500977,,
2443,8743,564,341.8779558371184,1.170193254591384,4.967362880706787,0.06072582,10.700348259936067,16.963407516479492,15.943626403808594,15.73906135559082,15.181800842285156,20.89060693377717,,,,,,,,,,,,,,,,1.224346160888672,19.86945152282715,,
2445,8745,6788,336.84007351412697,-0.6535000948622932,2.9437460899353027,0.05667957,10.566060655554754,16.876008987426758,15.94728946685791,15.665839195251465,15.250307083129885,19.63422853163524,,,,,,,,,,,,,,,,1.210169792175293,11.774984359741213,,
2447,8751,30,343.1052730012332,0.3773948385257055,2.3696630001068115,0.05372525,10.594282371542835,16.88174819946289,15.95287799835205,15.599851608276367,15.255986213684082,19.119954469965545,,,,,,,,,,,,,,,,1.2818965911865234,9.478652000427246,,
2449,8753,707,341.5067295298488,-2.086442151951874,5.952649116516113,0.0641243616608927,10.664578760050386,16.894025802612305,15.95499324798584,15.660985946655272,15.192676544189451,21.1543136723961,,,,,,,,,,,,,,,,1.2330398559570312,23.810596466064453,,
2450,8754,1771,339.25104276149835,1.4415377397739133,2.57538104057312,0.0553600005805492,10.704951233189854,17.008039474487305,15.957091331481934,15.616703987121582,15.170098304748535,19.36131211786164,,,,,,,,,,,,,,,,1.3913354873657229,10.30152416229248,,
2452,8757,6517,340.959513134907,0.5856457950862708,11.320068359375,0.05807322,9.731987320409416,16.414060592651367,15.958964347839355,16.54672622680664,15.633082389831545,23.20159784960732,,,,,,,,,,,,,,,,-0.1326656341552734,45.2802734375,,
2453,8759,2567,338.47157858864927,1.2001776848936736,16.704084396362305,0.0599000006914138,10.24091315143017,16.829261779785156,15.95980453491211,16.493993759155273,15.28866958618164,24.22380362662171,,,,,,,,,,,,,,,,0.3352680206298828,66.81633758544922,,
2455,8772,6626,341.5783134213805,1.1062592395641306,20.623130798339844,0.05816775,9.823743863225625,16.523103713989258,15.97616481781006,16.643749237060547,15.584346771240234,24.668264377291425,,,,,,,,,,,,,,,,-0.120645523071289,82.49252319335938,,
2456,8773,656,336.2922947770453,0.1510206159838942,13.854766845703123,0.05745792,10.2606612152823,16.85768699645996,15.978327751159668,16.399377822875977,15.289834976196287,23.729810990917684,,,,,,,,,,,,,,,,0.4583091735839844,55.4190673828125,,
2460,8779,4799,340.5754430185686,-0.6919640719087655,2.481712102890014,0.05230338,10.602810087957982,16.942241668701172,15.981730461120604,15.590234756469728,15.26774787902832,19.21847798864376,,,,,,,,,,,,,,,,1.352006912231445,9.92684841156006,,
2461,8781,2851,340.3342925023222,-0.5325903649595639,1.7704130411148071,0.05780557,10.623801290299324,16.8887996673584,15.984495162963867,15.622247695922852,15.32216739654541,18.50734130969522,,,,,,,,,,,,,,,,1.2665519714355469,7.0816521644592285,,
2466,8799,5119,334.73633078434693,0.0522049192496348,2.7906270027160645,0.05769371,10.739354374929642,17.062511444091797,15.99449062347412,15.63869571685791,15.191853523254396,19.557879996103267,,,,,,,,,,,,,,,,1.4238157272338867,11.162508010864258,,
2468,8802,882,338.04302656478984,-1.092975178206313,2.8108890056610107,0.05592078,10.58265889016819,16.93890380859375,15.99733066558838,15.711320877075195,15.322118759155272,19.602773860523623,,,,,,,,,,,,,,,,1.227582931518555,11.243556022644045,,
2471,8808,8177,337.8049374513969,-0.3816303182156723,2.7119390964508057,0.0551968709338643,10.5794126371166,16.91413116455078,16.00107192993164,15.577590942382812,15.323366165161133,19.373574497914376,,,,,,,,,,,,,,,,1.3365402221679688,10.847756385803224,,
2472,8814,4676,341.5351483875641,-1.2050316495011348,2.9740779399871826,0.0585638481939395,9.719600064487496,16.328855514526367,16.010215759277344,16.234914779663086,15.905051231384276,19.86879740544972,,,,,,,,,,,,,,,,0.0939407348632812,11.89631175994873,,
2474,8816,394,336.31945096896254,-2.1048528542122416,2.5775089263916016,0.05993617,10.663284311603466,16.962465286254883,16.011362075805664,15.700542449951172,15.318284034729004,19.40842604781216,,,,,,,,,,,,,,,,1.261922836303711,10.310035705566406,,
2477,8832,2668,339.0074906151254,1.4750324575271672,3.974786996841431,0.0621999986469745,10.724860821650426,17.05815887451172,16.036462783813477,15.78070068359375,15.245359420776367,20.471856321967213,,,,,,,,,,,,,,,,1.2774581909179688,15.899147987365724,,
2478,8833,5684,336.0979620527916,1.069432926952288,5.766426086425781,0.05610126,10.368170741853298,16.91373062133789,16.036914825439453,15.844786643981934,15.370081901550291,21.218077885643968,,,,,,,,,,,,,,,,1.068943977355957,23.065704345703125,,
2479,8839,3179,337.20322678067754,-0.5226383230169445,5.530846118927002,0.05837406,10.485453914594826,16.875165939331055,16.040189743041992,15.629318237304688,15.392175674438477,20.920433671846865,,,,,,,,,,,,,,,,1.2458477020263672,22.123384475708008,,
2481,8841,1778,340.5881332947136,-0.0579286309715654,2.822633981704712,0.05100773,10.480057631922053,16.952356338500977,16.04320526123047,15.777570724487305,15.364757537841797,19.67413746996244,,,,,,,,,,,,,,,,1.174785614013672,11.290535926818848,,
2484,8846,3489,340.8104818517449,0.4849509064858673,2.6102209091186523,0.05800196,10.619178296994344,16.976123809814453,16.045276641845703,15.71148681640625,15.34629726409912,19.445037324418948,,,,,,,,,,,,,,,,1.2646369934082031,10.44088363647461,,
2485,8849,3717,337.2896762111493,0.2470337610702747,1.6999059915542605,0.05474497,10.507845417961065,16.946590423583984,16.045894622802734,15.744274139404297,15.409918785095217,18.50609654068291,,,,,,,,,,,,,,,,1.2023162841796875,6.799623966217041,,
2488,8861,4870,338.904930701847,1.5614841058385052,2.3776021003723145,0.0608420909641429,10.816757194905165,17.128454208374023,16.060047149658203,15.653105735778809,15.212905883789062,19.26800453563578,,,,,,,,,,,,,,,,1.4753484725952148,9.510408401489258,,
2491,8868,2350,338.39899081107944,0.696947361748665,2.49364709854126,0.06347733,10.77976939050405,17.060171127319336,16.065990447998047,15.653223991394045,15.318887710571287,19.310725026483087,,,,,,,,,,,,,,,,1.406947135925293,9.97458839416504,,
2492,8873,3705,340.60307697043584,-0.7355752510075256,2.946415901184082,0.05221374,10.481890931544791,16.990446090698242,16.074275970458984,15.794734001159668,15.411605834960938,19.780377339647,,,,,,,,,,,,,,,,1.1957120895385742,11.785663604736328,,
2493,8878,5518,340.04054085476207,-1.4417079838312703,3.168212890625,0.05790552,10.576408330479293,17.012300491333008,16.077388763427734,15.80467700958252,15.388898849487305,19.95591176658194,,,,,,,,,,,,,,,,1.2076234817504885,12.6728515625,,
2494,8881,7533,335.18212607544604,0.3402991158943738,8.6849365234375,0.05620919,10.19532983008665,16.82603645324707,16.07918930053711,16.215484619140625,15.514514923095703,22.46114106081309,,,,,,,,,,,,,,,,0.6105518341064453,34.73974609375,,
2495,8884,2368,338.6478436029259,1.4666161048895268,2.4889369010925293,0.0588903704964643,10.738820529551372,17.113134384155273,16.081035614013672,15.715093612670898,15.26811695098877,19.402292106792597,,,,,,,,,,,,,,,,1.398040771484375,9.955747604370115,,
2503,8910,1388,337.73713450780724,-1.0792060734028304,1.952415943145752,0.05711202,10.577139014178384,17.049781799316406,16.108816146850586,15.8001127243042,15.401559829711914,18.907129764982518,,,,,,,,,,,,,,,,1.249669075012207,7.809663772583008,,
2505,8914,3546,336.0783836776495,-0.5137559572573531,5.199526786804199,0.05780456,10.136654261080166,16.82097053527832,16.11419105529785,16.243330001831055,15.558233261108398,21.333386377853135,,,,,,,,,,,,,,,,0.5776405334472656,20.7981071472168,,
2508,8924,78,335.7490863982975,-0.8714581502752503,1.5978389978408811,0.0589477863983642,10.718635737959996,17.109556198120117,16.1243896484375,15.553820610046388,15.35085678100586,18.23373388710005,,,,,,,,,,,,,,,,1.5557355880737305,6.391355991363525,,
2514,8942,4959,338.79243429023865,1.5636971965636786,2.086343050003052,0.0576748902843141,10.621563808008302,17.132564544677734,16.144851684570312,15.82767391204834,15.398061752319336,19.105863154555745,,,,,,,,,,,,,,,,1.3048906326293943,8.345372200012207,,
2515,8943,4379,340.2128293488679,-0.4746747343814919,1.6030280590057373,0.05566155,10.607373010399373,17.120302200317383,16.14804458618164,15.687970161437988,15.416099548339844,18.376915248432148,,,,,,,,,,,,,,,,1.4323320388793943,6.412112236022949,,
2516,8944,571,340.79454296417623,-0.8533162609147676,16.67680549621582,0.05928722,10.159367867830776,16.9505615234375,16.14920425415039,16.516674041748047,15.503679275512695,24.21316113695592,,,,,,,,,,,,,,,,0.4338874816894531,66.70722198486328,,
2517,8945,4015,338.51841963568063,1.7683921802819138,2.431411027908325,0.0571499988436698,10.520085921659543,17.05122184753418,16.150943756103516,15.83794403076172,15.5026216506958,19.40608573617218,,,,,,,,,,,,,,,,1.213277816772461,9.7256441116333,,
2519,8948,5386,334.8725813130828,-1.169148785187236,2.7897279262542725,0.05657319,10.582509767762785,17.140304565429688,16.15312957763672,15.840364456176758,15.419371604919434,19.734958528446644,,,,,,,,,,,,,,,,1.2999401092529297,11.15891170501709,,
2520,8949,2997,338.97671857396114,1.487088881281181,3.481765985488892,0.0559465093574619,10.591479738886097,17.144426345825195,16.15325164794922,15.894675254821776,15.40600872039795,20.2884623859878,,,,,,,,,,,,,,,,1.249751091003418,13.927063941955566,,
2522,8951,2549,339.1457594314132,1.7238263236842777,4.040030956268311,0.0575199984014034,10.605572461355148,17.131933212280273,16.15513038635254,15.810623168945312,15.421698570251465,20.519699803111912,,,,,,,,,,,,,,,,1.321310043334961,16.160123825073242,,
2523,8953,6563,337.27776152273725,-1.40960634743022,2.668102979660034,0.05806416,10.630029245681396,17.152587890625,16.158912658691406,15.803832054138184,15.436351776123049,19.59878309828693,,,,,,,,,,,,,,,,1.3487558364868164,10.672411918640137,,
2524,8954,3860,338.3774625463279,-0.5142570609946078,3.4588499069213867,0.05866678,10.563870774462718,17.06397247314453,16.160688400268555,15.77517318725586,15.491942405700684,20.10206306555248,,,,,,,,,,,,,,,,1.288799285888672,13.835399627685549,,
2527,8959,6727,340.74624136986364,-0.1685816911168454,2.9831559658050537,0.0563624,10.473568226258775,17.022844314575195,16.166460037231445,15.840424537658691,15.526643753051758,19.82375112382426,,,,,,,,,,,,,,,,1.182419776916504,11.932623863220217,,
2531,8968,1385,340.5716266367251,-0.5711472121922359,2.560012102127075,0.05934205,10.665216648690144,17.214405059814453,16.1793155670166,15.82985496520996,15.414977073669434,19.54033324779573,,,,,,,,,,,,,,,,1.3845500946044922,10.2400484085083,,
2533,8971,241,339.76564544055725,-1.3620601922171225,2.370351076126098,0.05753345,10.571321418569893,17.121849060058594,16.180212020874023,15.787684440612791,15.489665985107422,19.304399908552497,,,,,,,,,,,,,,,,1.3341646194458008,9.481404304504396,,
2536,8982,4617,332.6061873617465,-1.4085895681689231,7.524363994598389,0.055765245435227,10.661992961621468,17.386293411254883,16.19263458251953,15.861008644104004,15.184040069580078,21.97408345164029,,,,,,,,,,,,,,,,1.525284767150879,30.097455978393555,,
2546,9019,2299,338.88189896450086,1.4787214118087946,2.212393045425415,0.05446575,10.628589198986134,17.277219772338867,16.228700637817383,15.912378311157228,15.418404579162598,19.358745705619683,,,,,,,,,,,,,,,,1.3648414611816406,8.84957218170166,,
2547,9022,5628,338.9064670765334,1.5912227068009708,2.010974884033203,0.05158034,10.516674392408916,17.242101669311523,16.230520248413086,15.946310997009276,15.460835456848145,19.159894181485907,,,,,,,,,,,,,,,,1.295790672302246,8.043899536132812,,
2549,9029,5528,338.741751284362,1.3501414452585272,2.62545108795166,0.0579855838229164,10.621166029637328,17.231374740600586,16.241039276123047,15.83187198638916,15.495477676391602,19.607338402063046,,,,,,,,,,,,,,,,1.3995027542114258,10.50180435180664,,
2554,9048,399,341.0954596751109,-0.1143443686476463,5.380768775939941,0.05152341,10.383841552397156,17.219833374023438,16.256689071655273,16.02597427368164,15.450684547424316,21.34381836142834,,,,,,,,,,,,,,,,1.1938591003417969,21.52307510375977,,
2555,9050,5457,336.34327994047203,0.054225826027535,33.43735122680664,0.05278882,9.601131202798758,16.89533805847168,16.258426666259766,17.229265213012695,15.796945571899414,26.353186925351245,,,,,,,,,,,,,,,,-0.3339271545410156,133.74940490722656,,
2559,9067,6106,338.8085034455077,1.6063717889470324,2.4623849391937256,0.0592916035080129,10.613206510761168,17.27828025817871,16.28565788269043,15.979022979736328,15.541622161865234,19.62528116749007,,,,,,,,,,,,,,,,1.2992572784423828,9.849539756774902,,
2561,9070,378,340.4579298341264,-0.3587922662800235,6.235997200012207,0.05261319,10.31292624373218,17.20345687866211,16.291309356689453,16.234453201293945,15.622125625610352,21.84721266522306,,,,,,,,,,,,,,,,0.969003677368164,24.943988800048828,,
2562,9073,998,339.85625674049373,-1.0897008613609709,3.111466884613037,0.05268731,10.454711092585354,17.27537727355957,16.295166015625,16.022323608398438,15.53652286529541,20.163223134680013,,,,,,,,,,,,,,,,1.2530536651611328,12.445867538452148,,
2563,9074,6355,343.0020837747697,0.3637069345410416,3.4410479068756104,0.05383132,10.151512459386208,17.0371036529541,16.297630310058594,16.23636817932129,15.726362228393556,20.47768363861062,,,,,,,,,,,,,,,,0.8007354736328125,13.76419162750244,,
2564,9075,5612,338.46268290026524,1.5803360434756,2.1648550033569336,0.0569828553707408,10.49658255394783,17.229293823242188,16.299835205078125,15.900010108947754,15.61727809906006,19.22399290180337,,,,,,,,,,,,,,,,1.3292837142944336,8.659420013427734,,
2565,9078,4857,341.0244438169565,-2.204966734665424,2.386099100112915,0.05939652,10.605508045825726,17.23974609375,16.302852630615234,15.853474617004396,15.58067512512207,19.40221397808009,,,,,,,,,,,,,,,,1.3862714767456057,9.54439640045166,,
2569,9089,5753,343.0077476255637,0.583207048695481,6.479341983795166,0.06397586,10.640640316412782,17.348155975341797,16.31468963623047,15.958803176879885,15.452589988708496,21.70260210267716,,,,,,,,,,,,,,,,1.389352798461914,25.917367935180664,,
2572,9105,1568,336.766726405725,1.1818934287541412,1.9358680248260496,0.05855709,10.617217959272317,17.312089920043945,16.335412979125977,15.80083179473877,15.609387397766112,18.889648128815608,,,,,,,,,,,,,,,,1.5112581253051758,7.743472099304199,,
2582,9153,4707,340.649097421864,-0.6966225153121568,3.3319599628448486,0.05822054,10.463111883142703,17.328292846679688,16.37809181213379,16.15835952758789,15.686262130737305,20.421421770715504,,,,,,,,,,,,,,,,1.1699333190917969,13.327839851379396,,
2585,9164,4505,338.1049039709232,0.7905633327985426,7.1944580078125,0.05923644,10.138414575637391,17.19754981994629,16.393869400024414,16.508419036865234,15.76443099975586,22.3577086132004,,,,,,,,,,,,,,,,0.6891307830810547,28.77783203125,,
2588,9170,5890,336.42359288901656,-2.155829777145027,1.8199989795684812,0.05607685,10.480291013122686,17.350656509399414,16.401710510253906,16.0825138092041,15.69616985321045,19.043159832267055,,,,,,,,,,,,,,,,1.2681427001953125,7.279995918273926,,
2589,9175,419,338.3473221548509,-1.3574754611433344,3.501349925994873,0.05447963,10.334021278031871,17.337491989135742,16.404373168945312,16.0821590423584,15.698305130004885,20.420072619254665,,,,,,,,,,,,,,,,1.2553329467773438,14.005399703979492,,
2591,9177,965,341.12444036927565,0.4107789875117587,1.7609570026397705,0.05907038,10.52518080048009,17.365690231323242,16.408109664916992,16.074323654174805,15.70869255065918,18.96103456372358,,,,,,,,,,,,,,,,1.2913665771484375,7.043828010559082,,
2594,9185,3845,336.57563466796734,0.7394743164495298,2.719341993331909,0.05798933,10.42418170825545,17.332368850708008,16.41579818725586,16.183006286621094,15.741629600524902,19.989208492006416,,,,,,,,,,,,,,,,1.149362564086914,10.877367973327637,,
2600,9200,6183,338.506367197753,1.0945121743265616,4.953381061553955,0.0570207605567073,10.516788182125262,17.46611976623535,16.42959976196289,16.187015533447266,15.648012161254885,21.36259364466008,,,,,,,,,,,,,,,,1.279104232788086,19.81352424621582,,
2601,9202,3403,336.62457850297545,-0.75942701963614,3.116352081298828,0.05813109,10.44266931259762,17.369056701660156,16.43187713623047,16.127872467041016,15.68442153930664,20.246795670920715,,,,,,,,,,,,,,,,1.2411842346191406,12.465408325195312,,
2608,9212,1044,337.3006244406034,0.1623655082710145,2.7522969245910645,0.05825298,10.42973026750673,17.383737564086914,16.437469482421875,16.204334259033203,15.7390775680542,20.056276490519178,,,,,,,,,,,,,,,,1.179403305053711,11.009187698364258,,
2609,9214,41,340.70389972594387,-0.6210377723205216,2.0200040340423584,0.0578818,10.466414813353108,17.39041519165039,16.44194221496582,16.130277633666992,15.757408142089844,19.305774400050456,,,,,,,,,,,,,,,,1.2601375579833984,8.080016136169434,,
2610,9216,7411,339.0564685451301,-0.3873231498971454,2.5211269855499268,0.05815531,10.324804875412358,17.34130859375,16.442535400390625,16.15614128112793,15.766853332519531,19.76423405952772,,,,,,,,,,,,,,,,1.1851673126220703,10.084507942199709,,
2619,9251,1805,342.33400687858426,-1.793153071169169,2.1891980171203613,0.0677683,10.642799604323024,17.48930549621582,16.486164093017578,16.143434524536133,15.74980354309082,19.518650269319668,,,,,,,,,,,,,,,,1.3458709716796875,8.756792068481445,,
2620,9252,4584,340.7279800568305,1.0394629724798945,2.202873945236206,0.05738812,10.462546015334794,17.468950271606445,16.486984252929688,16.21310806274414,15.741562843322754,19.596248740192724,,,,,,,,,,,,,,,,1.255842208862305,8.811495780944824,,
2621,9256,5792,339.85350642788086,-0.6927170432353086,2.0626790523529053,0.05173141,10.321189256097494,17.427574157714844,16.489501953125,16.207500457763672,15.792844772338867,19.43248559372613,,,,,,,,,,,,,,,,1.220073699951172,8.250716209411621,,
2622,9260,3445,338.91542338208524,1.504733478323714,2.7180960178375244,0.05623001,10.466218764569732,17.501468658447266,16.492107391357422,16.252685546875,15.72873592376709,20.11969258021278,,,,,,,,,,,,,,,,1.2487831115722656,10.872384071350098,,
2629,9273,2714,336.754340092688,0.6966684972625052,7.222799777984619,0.05824037,10.273449969792594,17.442466735839844,16.50901222229004,16.474103927612305,15.723644256591797,22.417317249960757,,,,,,,,,,,,,,,,0.9683628082275392,28.89119911193848,,
2630,9276,3082,338.777112354868,1.2414919690307142,2.150942087173462,0.0555690657808208,10.45207008572586,17.50861167907715,16.51041030883789,16.181055068969727,15.76634693145752,19.528677952094085,,,,,,,,,,,,,,,,1.327556610107422,8.603768348693848,,
2635,9295,2429,341.89153891922865,-0.0415123426663208,23.04103660583496,0.05397145,9.668264185181684,17.149948120117188,16.527650833129883,17.06404685974121,16.03586769104004,25.379950638703427,,,,,,,,,,,,,,,,0.0859012603759765,92.16414642333984,,
2636,9305,2224,340.41308121600247,1.208518748700662,2.3974039554595947,0.05780134,10.378448879328635,17.48520278930664,16.54530143737793,16.30769157409668,15.85496711730957,19.848821827745944,,,,,,,,,,,,,,,,1.177511215209961,9.58961582183838,,
2640,9321,3620,338.82915899798644,1.511564181779415,1.9080580472946167,0.0572015100547862,10.494579245120402,17.598472595214844,16.565256118774414,16.27014923095703,15.753278732299805,19.386169967341804,,,,,,,,,,,,,,,,1.3283233642578125,7.632232189178467,,
2642,9324,3340,339.2707511436278,1.2431893882289806,2.0977120399475098,0.0579025507236003,10.451596296574866,17.529714584350586,16.568525314331055,16.2071590423584,15.858624458312988,19.47536425948062,,,,,,,,,,,,,,,,1.3225555419921875,8.390848159790039,,
2644,9333,4038,338.97305461697164,1.5309949753868346,1.7481850385665894,0.0556332084876177,10.441029369146245,17.566131591796875,16.575000762939453,16.237579345703125,15.805773735046388,19.141322312651567,,,,,,,,,,,,,,,,1.32855224609375,6.992740154266357,,
2646,9342,2210,338.48006852715474,1.966154231482797,3.4082140922546387,0.0603723495315074,10.629901314532887,17.738739013671875,16.583898544311523,16.241680145263672,15.668343544006348,20.659297015285365,,,,,,,,,,,,,,,,1.4970588684082031,13.632856369018556,,
2649,9355,6247,340.04296818879186,-0.1295479785156432,1.787168025970459,0.05798716,10.31188817836802,17.469289779663086,16.599145889282227,16.3570499420166,15.968450546264648,19.23740140994688,,,,,,,,,,,,,,,,1.1122398376464844,7.148672103881836,,
2651,9364,7467,341.3148868272629,-0.1441030782373802,6.294259071350098,0.05217934,10.064948255099283,17.48657989501953,16.609209060668945,16.61525535583496,15.880399703979492,22.220851233147187,,,,,,,,,,,,,,,,0.8713245391845703,25.17703628540039,,
2652,9365,401,339.03561157883365,1.413974226009475,2.1222169399261475,0.0589199997484684,10.394313455625507,17.552154541015625,16.610567092895508,16.306909561157227,15.909686088562012,19.595890185761903,,,,,,,,,,,,,,,,1.2452449798583984,8.48886775970459,,
2653,9370,6882,339.1013427003174,1.3664436950667926,3.206087112426758,0.0535301830738015,10.223260105641646,17.555923461914062,16.61351203918457,16.512042999267578,15.88132095336914,20.697676124055693,,,,,,,,,,,,,,,,1.0438804626464844,12.824348449707031,,
2657,9382,3678,339.2395423718824,1.506527561661035,1.583096981048584,0.0577200017869472,10.38639411782716,17.5682373046875,16.62445640563965,16.289417266845703,15.92531394958496,18.94172339669545,,,,,,,,,,,,,,,,1.2788200378417969,6.332387924194336,,
2658,9384,4114,343.3528484772484,0.5299622839345501,2.177170991897583,0.05304533,10.364532245155496,17.61016845703125,16.629344940185547,16.30724334716797,15.90964698791504,19.67336330266,,,,,,,,,,,,,,,,1.3029251098632812,8.708683967590332,,
2663,9397,1278,338.71434803754084,1.1740219564734335,1.7183239459991455,0.0577669141494417,10.42539352297428,17.627138137817383,16.649715423583984,16.30525779724121,15.919252395629885,19.16071709305548,,,,,,,,,,,,,,,,1.321880340576172,6.873295783996582,,
2666,9414,4346,343.4734405320501,0.303537568054462,21.23903465270996,0.05831695,9.661050628443462,17.41648292541504,16.666364669799805,17.429420471191406,16.125669479370117,25.58220188478488,,,,,,,,,,,,,,,,-0.0129375457763671,84.95613861083984,,
2667,9415,6095,343.58692681942483,1.1215185072606837,1.7322670221328735,0.05291212,10.303452278182114,17.615854263305664,16.667848587036133,16.342329025268555,15.973366737365724,19.179879686505195,,,,,,,,,,,,,,,,1.2735252380371094,6.929068088531494,,
2668,9419,2968,335.3404142798185,0.4678074327400651,2.7393479347229004,0.05854176,10.35920206025075,17.62761878967285,16.670913696289062,16.433486938476562,15.984451293945312,20.26408605484552,,,,,,,,,,,,,,,,1.194131851196289,10.957391738891602,,
2669,9420,2580,338.78264274949,1.4715387288835733,1.5096629858016968,0.0591186999415874,10.467244469931838,17.664241790771484,16.67108154296875,16.290973663330078,15.907440185546877,18.869328473781373,,,,,,,,,,,,,,,,1.3732681274414062,6.038651943206787,,
2672,9437,6285,339.1308220231457,1.347453656289492,1.894585967063904,0.0591700002551078,10.286729573225657,17.573915481567383,16.685134887695312,16.475454330444336,16.036060333251953,19.490647144803106,,,,,,,,,,,,,,,,1.0984611511230469,7.578343868255615,,
2673,9440,4522,339.6437740942196,0.0469396388644919,1.7776529788970947,0.05877091,10.37632227256512,17.628969192504883,16.689006805419922,16.390914916992188,15.996298789978027,19.28736526748241,,,,,,,,,,,,,,,,1.238054275512695,7.110611915588379,,
2674,9447,4699,338.82578476207243,1.303554043983593,2.781153917312622,0.0567199997603893,10.186854737301118,17.54692840576172,16.695947647094727,16.506101608276367,16.077890396118164,20.34700876201924,,,,,,,,,,,,,,,,1.0408267974853516,11.124615669250488,,
2675,9450,4590,340.2795427145724,-0.7324451229640162,3.3625059127807617,0.05378326,10.141099812351095,17.534847259521484,16.69994354248047,16.521831512451172,16.104084014892578,20.753930825190555,,,,,,,,,,,,,,,,1.0130157470703125,13.450023651123049,,
2685,9496,5359,338.7672496233077,1.5853131537920584,4.458930015563965,0.0569817641172552,10.256945859810951,17.697851181030273,16.752641677856445,16.584545135498047,16.050756454467773,21.495484336868607,,,,,,,,,,,,,,,,1.1133060455322266,17.83572006225586,,
2686,9497,5588,341.1569324426882,0.7977252544748,1.8986079692840576,0.05961306,10.274699796611372,17.6333065032959,16.754316329956055,16.49843406677246,16.137554168701172,19.49769918931033,,,,,,,,,,,,,,,,1.1348724365234375,7.5944318771362305,,
2689,9504,6166,339.0948650093134,1.598605945055106,3.930469036102295,0.0585447752526942,10.320171723068134,17.72445297241211,16.76066017150879,16.548349380493164,16.041637420654297,21.19133864361781,,,,,,,,,,,,,,,,1.176103591918945,15.72187614440918,,
2690,9507,6544,341.1474662061916,1.099014440367628,5.361411094665527,0.05851741,10.289328856997074,17.728931427001953,16.763708114624023,16.631025314331055,15.97311305999756,21.94793454722242,,,,,,,,,,,,,,,,1.0979061126708984,21.44564437866211,,
2691,9518,7089,337.0797370958776,0.5909008488827927,2.394619941711426,0.05852788,10.257163522391268,17.675691604614258,16.77482032775879,16.5544376373291,16.120601654052734,20.07599498820475,,,,,,,,,,,,,,,,1.1212539672851562,9.578479766845703,,
2693,9525,3593,336.5273270123565,-1.7356039305359436,3.694228887557984,0.05722358,10.30614048291156,17.90810203552246,16.77808380126953,16.652706146240234,15.863777160644531,21.16790937701088,,,,,,,,,,,,,,,,1.2553958892822266,14.776915550231934,,
2696,9533,2720,339.1173480143299,1.476585726150429,1.5987950563430786,0.0568800009787082,10.3419875884203,17.703022003173828,16.783525466918945,16.42630386352539,16.083919525146484,19.10847448372679,,,,,,,,,,,,,,,,1.2767181396484375,6.3951802253723145,,
2697,9534,4871,338.90421922550496,1.5580849542453286,1.7391879558563232,0.05407668,10.372559124326992,17.802207946777344,16.785011291503906,16.436471939086914,15.988625526428224,19.350897332039885,,,,,,,,,,,,,,,,1.3657360076904297,6.956751823425293,,
2698,9537,4653,335.376511143795,0.2713373779801839,4.19442081451416,0.05858167,10.217296525850738,17.712234497070312,16.786893844604492,16.7187442779541,16.06816864013672,21.475754868445307,,,,,,,,,,,,,,,,0.9934902191162108,16.77768325805664,,
2699,9538,4624,342.2702877883997,-0.4963282913140674,2.1285159587860107,0.05562306,10.34961879675843,17.771135330200195,16.787418365478516,16.40997886657715,16.055931091308594,19.7161774023332,,,,,,,,,,,,,,,,1.3611564636230469,8.514063835144043,,
2700,9544,455,337.93725431187835,-1.1078926479370117,4.533123016357422,0.05721969,10.177030970055428,17.68914031982422,16.791311264038086,16.690250396728516,16.143009185791016,21.60749236302396,,,,,,,,,,,,,,,,0.9988899230957032,18.132492065429688,,
2703,9555,980,340.1197057148368,-0.0659067211667599,3.5361220836639404,0.05912796,10.213822812694884,17.699058532714844,16.7977294921875,16.672855377197266,16.13317108154297,21.046698678376263,,,,,,,,,,,,,,,,1.026203155517578,14.144488334655762,,
2705,9570,2569,340.08409066911935,-0.7799158673042621,2.774308919906616,0.05265976,10.048061817666174,17.628751754760742,16.817806243896484,16.611705780029297,16.235877990722656,20.418874831773515,,,,,,,,,,,,,,,,1.017045974731445,11.097235679626465,,
2709,9591,2685,339.8755181498857,-1.0366032903837998,14.44698429107666,0.05186522,9.828006886765891,17.65618896484375,16.845792770385742,17.12325668334961,16.176565170288086,24.521588565382466,,,,,,,,,,,,,,,,0.5329322814941406,57.78793716430664,,
2710,9596,1384,334.4537859835666,0.1749590072514484,2.774369955062866,0.05750266,10.273605794616104,17.822114944458008,16.852602005004883,16.589279174804688,16.139070510864258,20.45732325394723,,,,,,,,,,,,,,,,1.2328357696533203,11.097479820251465,,
2711,9603,3552,338.9000747419209,1.5079444759956164,2.828701972961426,0.0594299994409084,10.333686135884856,17.843278884887695,16.859132766723633,16.586938858032227,16.10112953186035,20.5296821848326,,,,,,,,,,,,,,,,1.2563400268554688,11.314807891845703,,
2712,9605,1488,339.0153562184282,1.429584950825968,3.337568998336792,0.0550299994647502,10.068355578304416,17.667417526245117,16.864295959472656,16.71816635131836,16.283306121826172,20.93969017576118,,,,,,,,,,,,,,,,0.9492511749267578,13.350275993347168,,
2714,9610,4907,341.0632522361696,0.2710230292019238,4.084746837615967,0.05848868,10.182007581041216,17.759654998779297,16.87164878845215,16.701950073242188,16.250947952270508,21.38494117625619,,,,,,,,,,,,,,,,1.0577049255371094,16.338987350463867,,
2717,9630,2214,338.1010277022582,-1.046806922696254,3.2654778957366943,0.05613738,10.074726600614715,17.76514434814453,16.891254425048828,16.834529876708984,16.26100730895996,21.02375382441132,,,,,,,,,,,,,,,,0.9306144714355468,13.061911582946776,,
2719,9641,540,340.07642293096166,-0.3519257945897897,2.397581100463867,0.05692664,10.196905735572788,17.816848754882812,16.9052734375,16.63010597229004,16.239641189575195,20.160007892169688,,,,,,,,,,,,,,,,1.1867427825927734,9.590324401855469,,
2720,9642,2416,337.6133954118583,-1.0382796902502007,7.503511905670166,0.05674097,9.9923726941919,17.790573120117188,16.906618118286133,17.081724166870117,16.239608764648438,23.09899492482448,,,,,,,,,,,,,,,,0.7088489532470703,30.014047622680664,,
2721,9645,3019,339.2313045661661,1.486048704613543,2.601409912109375,0.0597800016403198,10.17070696087695,17.739315032958984,16.91123390197754,16.702943801879883,16.31629753112793,20.391058375209067,,,,,,,,,,,,,,,,1.0363712310791016,10.4056396484375,,
2725,9682,1511,339.31523988482564,-1.0762678500874625,11.410847663879396,0.05765767,9.647949678131342,17.610355377197266,16.93561363220215,17.37631607055664,16.43041229248047,24.18151042298367,,,,,,,,,,,,,,,,0.234039306640625,45.64339065551758,,
2727,9697,6952,337.7176202196359,-1.1444575236795602,1.844390034675598,0.05739011,10.215700594772898,17.885662078857422,16.9528865814209,16.702293395996094,16.26842498779297,19.65894195321762,,,,,,,,,,,,,,,,1.183368682861328,7.377560138702393,,
2729,9709,615,338.69915395276274,1.399468174841766,2.535346031188965,0.0577983247229001,10.321049138896528,17.94908905029297,16.964763641357422,16.592758178710938,16.2244930267334,20.30121739839708,,,,,,,,,,,,,,,,1.3563308715820312,10.14138412475586,,
2734,9731,4928,337.2694970389184,0.284769024645049,2.2414090633392334,0.05870804,10.222333067862015,17.921249389648438,16.984285354614258,16.779144287109375,16.25997543334961,20.198752166129584,,,,,,,,,,,,,,,,1.1421051025390625,8.965636253356934,,
2736,9747,2042,338.3675907670287,1.1810063575299548,3.923671007156372,0.05941608,10.127482912189128,17.891693115234375,17.002710342407227,16.895023345947266,16.362939834594727,21.50678591202645,,,,,,,,,,,,,,,,0.9966697692871094,15.694684028625488,,
2737,9751,2485,339.83248259973425,-1.0371360213214946,3.1916251182556152,0.05164158,9.98714556218963,17.906166076660156,17.009668350219727,16.958271026611328,16.366878509521484,21.10474618719764,,,,,,,,,,,,,,,,0.947895050048828,12.76650047302246,,
2738,9767,2601,339.03646410646246,1.4714475706615944,2.0047860145568848,0.0584199987351894,10.230565280034057,17.98128890991211,17.029129028320312,16.75994300842285,16.32878303527832,19.935799564359733,,,,,,,,,,,,,,,,1.2213459014892578,8.019144058227539,,
2739,9769,790,337.2836391704267,0.1523699169543861,1.6073709726333618,0.05800516,10.19947557757495,17.970788955688477,17.031391143798828,16.743148803710938,16.344253540039062,19.40855851333335,,,,,,,,,,,,,,,,1.227640151977539,6.429483890533447,,
2743,9824,5029,338.96763230663004,-0.4620724302768981,2.469645977020264,0.05789122,10.10352046206316,17.971773147583008,17.073230743408203,16.88056182861328,16.418180465698242,20.477187335348,,,,,,,,,,,,,,,,1.0912113189697266,9.878583908081056,,
2744,9827,5485,340.5157544538556,-0.6728137716059942,2.614753007888794,0.05211903,9.951430808869008,17.907669067382812,17.077852249145508,16.911422729492188,16.47130584716797,20.59748790742892,,,,,,,,,,,,,,,,0.996246337890625,10.459012031555176,,
2746,9837,5658,338.9717983892895,-0.4188852281151544,2.005441904067993,0.05745503,10.108131611170004,18.006498336791992,17.087608337402344,16.914779663085938,16.42420768737793,20.057292723287546,,,,,,,,,,,,,,,,1.091718673706055,8.021767616271973,,
2749,9846,2449,338.6871942817492,1.470034139081945,3.3052420616149902,0.0571000017225742,10.069943142305588,17.972984313964844,17.09445571899414,16.907812118530273,16.449480056762695,21.128041273939875,,,,,,,,,,,,,,,,1.0651721954345703,13.22096824645996,,
2754,9861,1686,338.8507985914365,1.1907646686950009,1.648774027824402,0.0586469808231401,10.217266351203246,18.10638999938965,17.11795425415039,16.815006256103516,16.402231216430664,19.561201427051092,,,,,,,,,,,,,,,,1.2913837432861328,6.595096111297607,,
2760,9881,6054,337.3887333270745,0.0949165407194034,2.7205119132995605,0.05717811,10.068949972230625,18.02311897277832,17.136409759521484,16.943403244018555,16.487945556640625,20.74890295795224,,,,,,,,,,,,,,,,1.0797157287597656,10.882047653198242,,
2761,9882,5657,337.7721054584531,0.2965782115596534,2.231105089187622,0.05599815,10.006822542222706,18.007047653198242,17.13723373413086,16.945390701293945,16.495906829833984,20.288638344383592,,,,,,,,,,,,,,,,1.0616569519042969,8.924420356750488,,
2762,9885,6148,336.8792562102007,-0.6698164677936651,1.8402140140533447,0.05903046,10.144189835756285,18.0339298248291,17.13962173461914,16.838876724243164,16.483844757080078,19.789552165792923,,,,,,,,,,,,,,,,1.1950531005859375,7.360856056213379,,
2763,9893,302,336.6366000962129,-0.8665456437205327,1.5197999477386477,0.05897031,10.13600134232118,18.04324722290039,17.15433120727539,16.842565536499023,16.51689338684082,19.371066070020845,,,,,,,,,,,,,,,,1.2006816864013672,6.07919979095459,,
2765,9904,4782,339.01100955755305,-0.4769035062029316,2.3557560443878174,0.05633581,9.805469813951104,17.91465950012207,17.16451644897461,17.090932846069336,16.577001571655273,20.49216570232048,,,,,,,,,,,,,,,,0.8237266540527344,9.42302417755127,,
2769,9918,1777,340.8205974822848,0.4255055131914994,1.946418046951294,0.05744714,10.090267575642818,18.080469131469727,17.177932739257812,16.9560489654541,16.510543823242188,20.049137921413216,,,,,,,,,,,,,,,,1.124420166015625,7.785672187805176,,
2771,9923,5880,338.1953524130549,-1.1788858667297064,3.113156080245972,0.05930568,10.324648737258295,18.27961540222168,17.18280792236328,16.86895751953125,16.267362594604492,21.065881414457863,,,,,,,,,,,,,,,,1.4106578826904297,12.452624320983888,,
2772,9938,3621,338.8254118306305,1.5162300943969396,2.0097639560699463,0.0590426644769446,10.233145488789951,18.18594741821289,17.2012882232666,16.8791446685791,16.44472312927246,20.085511873724094,,,,,,,,,,,,,,,,1.306802749633789,8.039055824279785,,
2773,9948,2801,338.8985865987713,1.498952196089339,2.1417059898376465,0.0552757679785906,10.148247635298375,18.159608840942383,17.20932960510254,16.882320404052734,16.47770118713379,20.21443822044885,,,,,,,,,,,,,,,,1.2772884368896484,8.566823959350586,,
2775,9967,1771,338.77220711602894,1.442789870784835,3.71614408493042,0.0592899993062019,10.15549165364031,18.2146053314209,17.230920791625977,17.0766544342041,16.498838424682617,21.61149917750008,,,,,,,,,,,,,,,,1.1379508972167969,14.86457633972168,,
2776,9969,6385,337.6962752414374,-1.1457412698528215,1.658843994140625,0.0579093,10.087736443514832,18.141075134277344,17.231624603271484,16.95181655883789,16.56403160095215,19.689499527691293,,,,,,,,,,,,,,,,1.1892585754394531,6.6353759765625,,
2780,9988,4892,337.3469999823888,0.0514585662713342,3.1392629146575928,0.05847748,9.966697036037267,18.13400650024414,17.25135040283203,17.208463668823242,16.61341667175293,21.30853702488988,,,,,,,,,,,,,,,,0.9255428314208984,12.557051658630373,,
2785,10001,5052,339.23462890539633,1.5547794612472945,2.9976789951324463,0.0582900010049343,9.980666841312893,18.14875221252441,17.261390686035156,17.215383529663086,16.624141693115234,21.232438809801387,,,,,,,,,,,,,,,,0.933368682861328,11.990715980529783,,
2787,10008,3969,341.90635759350903,0.2664571847349825,2.168386936187744,0.05423277,9.97985598110952,18.158916473388672,17.26661491394043,17.048736572265625,16.593669891357422,20.36079919300225,,,,,,,,,,,,,,,,1.1101799011230469,8.673547744750977,,
2790,10017,4179,343.30131282332826,0.2974972870463031,3.7481610774993896,0.05373064,9.98124101234455,18.18972396850586,17.276002883911133,17.157447814941406,16.600492477416992,21.67826916718045,,,,,,,,,,,,,,,,1.0322761535644531,14.99264430999756,,
2791,10032,3266,336.8097719902144,-0.7644953908102767,2.509095907211304,0.05701472,10.003149738723192,18.163837432861328,17.290616989135742,17.083446502685547,16.66118049621582,20.69957315920721,,,,,,,,,,,,,,,,1.0803909301757812,10.036383628845217,,
2793,10083,4404,341.0239816833938,1.0199621961895426,2.527992010116577,0.05804473,10.014685013123268,18.244497299194336,17.336511611938477,17.176767349243164,16.68187141418457,20.82496376852456,,,,,,,,,,,,,,,,1.067729949951172,10.111968040466309,,
2801,10128,3668,339.4893797509061,0.0180630304032408,2.684293031692505,0.059589,9.912270679403656,18.22749710083008,17.392253875732422,17.324390411376953,16.800111770629883,21.08782996569044,,,,,,,,,,,,,,,,0.903106689453125,10.73717212677002,,
2805,10163,4363,339.4034251517474,1.5247640429473612,3.207480907440185,0.0595900006592273,9.985918816833038,18.331275939941406,17.4234619140625,17.27337074279785,16.765968322753906,21.43533524853533,,,,,,,,,,,,,,,,1.057905197143555,12.829923629760742,,
2810,10183,3335,337.9381122102569,1.0045171004152162,1.680325984954834,0.05866189,10.134085241306732,18.40821075439453,17.439130783081055,17.016319274902344,16.73941993713379,19.798366416429232,,,,,,,,,,,,,,,,1.3918914794921875,6.721303939819336,,
2813,10190,6962,340.425213762456,-0.1369296667584812,1.5288900136947632,0.05786118,10.031055883596665,18.35990524291992,17.442556381225586,17.150001525878906,16.805580139160156,19.705063900248355,,,,,,,,,,,,,,,,1.2099037170410156,6.115560054779053,,
2814,10193,4129,340.13120452579074,-0.7304037022823789,3.9831700325012207,0.05464262,9.702391394291432,18.202749252319336,17.445301055908203,17.481901168823242,16.92542839050293,22.05035817491225,,,,,,,,,,,,,,,,0.7208480834960938,15.932680130004885,,
2815,10204,423,339.14668151614853,1.6388640908535128,3.1994240283966064,0.0574100017547607,9.87004883609594,18.314138412475582,17.45383644104004,17.3880558013916,16.839862823486328,21.536595737680145,,,,,,,,,,,,,,,,0.9260826110839844,12.797696113586426,,
2817,10213,4946,335.399577839507,0.280364133049208,2.519498109817505,0.05779722,9.968477652231574,18.35618782043457,17.46051788330078,17.2711124420166,16.794389724731445,20.91578283302781,,,,,,,,,,,,,,,,1.0850753784179688,10.07799243927002,,
2820,10233,1685,338.9791069763061,1.4468704094199163,1.6429070234298706,0.0583149,10.104054104990876,18.45352554321289,17.485246658325195,17.10858726501465,16.76434898376465,19.851464820386607,,,,,,,,,,,,,,,,1.3449382781982422,6.571628093719482,,
2822,10246,5880,337.47834088048046,-0.1944596127474119,2.986886978149414,0.05830069,9.91362829468128,18.37067222595215,17.49171257019043,17.367280960083008,16.853092193603516,21.378293656679947,,,,,,,,,,,,,,,,1.0033912658691406,11.947547912597656,,
2823,10248,6589,337.1733738030577,0.076536733454996,2.599281072616577,0.05849658,9.892558468768817,18.39287376403809,17.495046615600586,17.384456634521484,16.83979606628418,21.09249910364269,,,,,,,,,,,,,,,,1.0084171295166016,10.397124290466309,,
2825,10283,6304,340.6245024003098,1.1136670695104942,3.6435821056365967,0.05732203,9.872883158212396,18.41299819946289,17.52725601196289,17.469242095947266,16.899169921875,21.89597456126617,,,,,,,,,,,,,,,,0.943756103515625,14.574328422546388,,
2827,10288,3712,338.87868091656384,1.5130101730766896,2.8269081115722656,0.0541299991309642,9.730657250297408,18.35334587097168,17.53422737121582,17.504192352294922,16.928443908691406,21.368394476017237,,,,,,,,,,,,,,,,0.8491535186767578,11.307632446289062,,
2832,10311,6044,338.93668982409,1.3521509329350725,1.638458013534546,0.0586499981582164,10.0148468955543,18.498336791992188,17.55154800415039,17.288625717163086,16.858613967895508,20.02232665638748,,,,,,,,,,,,,,,,1.2097110748291016,6.553832054138184,,
2836,10325,1955,338.8480017694551,1.2062815775305435,2.4808549880981445,0.0573628184703813,10.150989050767013,18.464963912963867,17.563579559326172,16.793668746948242,16.92285919189453,20.41246246589578,,,,,,,,,,,,,,,,1.671295166015625,9.923419952392578,,
2842,10356,6766,337.20235103853844,0.0800194012494462,3.3303639888763428,0.05914213,9.932127860552011,18.49786949157715,17.59710121154785,17.489126205444336,16.966598510742188,21.75335298184074,,,,,,,,,,,,,,,,1.0087432861328125,13.321455955505373,,
2843,10357,6579,340.6425478283176,1.1228289710390766,3.1662909984588623,0.05784091,10.025831886372558,18.457077026367188,17.597736358642578,17.151254653930664,16.993032455444336,21.280193784966315,,,,,,,,,,,,,,,,1.3058223724365234,12.66516399383545,,
2849,10375,3446,338.91121261834473,1.5074357177294253,1.827960968017578,0.0568724546289785,10.016017664263094,18.573177337646484,17.612398147583008,17.291120529174805,16.902406692504883,20.274995496690394,,,,,,,,,,,,,,,,1.2820568084716797,7.311843872070312,,
2854,10479,6434,338.99777252427214,1.6173536491877247,1.764963984489441,0.0554691871714914,9.89887098137071,18.68828392028809,17.739606857299805,17.437026977539062,17.035240173339844,20.32849788989106,,,,,,,,,,,,,,,,1.2512569427490234,7.059855937957764,,
2856,10501,755,336.9554996172731,0.6492820385905933,2.868557929992676,0.0586279,9.81151787539683,18.67887687683105,17.762767791748047,17.714542388916016,17.115100860595703,21.636854197962883,,,,,,,,,,,,,,,,0.9643344879150392,11.474231719970703,,
2857,10517,6663,337.0382702408085,0.573042306852045,2.3268930912017822,0.0592062,9.838757458071663,18.664939880371094,17.77610206604004,17.60594940185547,17.138410568237305,21.06532418474039,,,,,,,,,,,,,,,,1.058990478515625,9.307572364807127,,
2858,10520,6870,337.05588792702827,0.5796850895828025,1.8011239767074585,0.05729714,9.841681840284728,18.683544158935547,17.779380798339844,17.570606231689453,17.124446868896484,20.49206641371404,,,,,,,,,,,,,,,,1.1129379272460938,7.204495906829834,,
2859,10522,2505,338.81650257182184,1.4680581355283695,3.8372509479522714,0.0553800016641616,9.695409394041253,18.653718948364254,17.782554626464844,17.791399002075195,17.15287208557129,22.332281493383743,,,,,,,,,,,,,,,,0.8623199462890625,15.349003791809082,,
2861,10535,2999,338.9706224534847,1.4860987531571,3.597742080688477,0.0598514056014044,9.776232297467551,18.704343795776367,17.793489456176758,17.858745574951172,17.138011932373047,22.275622620044548,,,,,,,,,,,,,,,,0.8455982208251953,14.390968322753906,,
2863,10558,3502,338.9655993425003,1.5037463614897753,2.0539801120758057,0.0595999993383884,9.953081952725489,18.79138946533203,17.8261775970459,17.607629776000977,17.096887588500977,20.869433504562625,,,,,,,,,,,,,,,,1.183759689331055,8.215920448303223,,
2866,10589,1211,338.7812413906926,1.426676596987401,3.5927329063415527,0.0576499998569488,9.83500105539514,18.820039749145508,17.86948013305664,17.739856719970703,17.162412643432617,22.184490993962324,,,,,,,,,,,,,,,,1.080183029174805,14.370931625366213,,
2867,10619,4327,338.8787463618471,1.5358881182841648,4.058402061462402,0.0567400008440017,9.734220745107947,18.80845642089844,17.903579711914062,17.85406494140625,17.241867065429688,22.54180449600188,,,,,,,,,,,,,,,,0.9543914794921876,16.23360824584961,,
2873,10726,1239,339.0069784022788,1.174537819280935,4.901960849761963,0.0584300011396408,9.630013792397332,18.883827209472656,18.018592834472656,18.03563690185547,17.40625,23.11690786407664,,,,,,,,,,,,,,,,0.8481903076171875,19.60784339904785,,
2878,10785,429,338.9810671526619,1.3906624781807426,2.211292028427124,0.0581200011074543,9.70269406904812,18.979841232299805,18.078445434570312,17.927711486816406,17.421985626220703,21.290798863130465,,,,,,,,,,,,,,,,1.0521297454833984,8.845168113708496,,
2879,10810,5584,339.237093010735,-1.1834348192259625,1.7903339862823486,0.05675094,9.658685408288092,18.988290786743164,18.113954544067383,17.93718910217285,17.493059158325195,20.826961008110462,,,,,,,,,,,,,,,,1.0511016845703125,7.1613359451293945,,
2881,10812,520,340.2165629311056,-0.6075771347573793,1.6210139989852903,0.05331024,9.618992188507317,18.958839416503903,18.11795997619629,17.850826263427734,17.527402877807617,20.51444949998284,,,,,,,,,,,,,,,,1.108013153076172,6.484055995941162,,
2882,10820,6520,338.7403348787577,1.6045770217699855,1.5186810493469238,0.0576799514806934,9.769904997745211,19.06772994995117,18.128572463989254,17.889753341674805,17.45014762878418,20.449165374922472,,,,,,,,,,,,,,,,1.1779766082763672,6.074724197387695,,
2887,11014,3260,338.8772347109799,1.491489338987568,2.265608072280884,0.0544200018048286,9.609081733738288,19.27891540527344,18.3542594909668,18.18895530700684,17.679080963134766,21.62284828129355,,,,,,,,,,,,,,,,1.0899600982666016,9.062432289123535,,
